-- MariaDB dump 10.19  Distrib 10.9.3-MariaDB, for debian-linux-gnu (x86_64)
--
-- Host: localhost    Database: cafe
-- ------------------------------------------------------
-- Server version	10.9.3-MariaDB-1:10.9.3+maria~ubu2204-log

/*!40101 SET @OLD_CHARACTER_SET_CLIENT=@@CHARACTER_SET_CLIENT */;
/*!40101 SET @OLD_CHARACTER_SET_RESULTS=@@CHARACTER_SET_RESULTS */;
/*!40101 SET @OLD_COLLATION_CONNECTION=@@COLLATION_CONNECTION */;
/*!40101 SET NAMES utf8mb4 */;
/*!40103 SET @OLD_TIME_ZONE=@@TIME_ZONE */;
/*!40103 SET TIME_ZONE='+00:00' */;
/*!40014 SET @OLD_UNIQUE_CHECKS=@@UNIQUE_CHECKS, UNIQUE_CHECKS=0 */;
/*!40014 SET @OLD_FOREIGN_KEY_CHECKS=@@FOREIGN_KEY_CHECKS, FOREIGN_KEY_CHECKS=0 */;
/*!40101 SET @OLD_SQL_MODE=@@SQL_MODE, SQL_MODE='NO_AUTO_VALUE_ON_ZERO' */;
/*!40111 SET @OLD_SQL_NOTES=@@SQL_NOTES, SQL_NOTES=0 */;

--
-- Table structure for table `beverage`
--

DROP TABLE IF EXISTS `beverage`;
/*!40101 SET @saved_cs_client     = @@character_set_client */;
/*!40101 SET character_set_client = utf8 */;
CREATE TABLE `beverage` (
  `id` int(11) NOT NULL AUTO_INCREMENT,
  `name` varchar(30) DEFAULT NULL,
  `category` varchar(20) DEFAULT NULL,
  `price` int(11) DEFAULT NULL,
  PRIMARY KEY (`id`)
) ENGINE=InnoDB AUTO_INCREMENT=21 DEFAULT CHARSET=utf8mb4;
/*!40101 SET character_set_client = @saved_cs_client */;

--
-- Dumping data for table `beverage`
--

LOCK TABLES `beverage` WRITE;
/*!40000 ALTER TABLE `beverage` DISABLE KEYS */;
INSERT INTO `beverage` VALUES
(1,'Americano','HotCoffees',6500),
(2,'EarlGreyTea','HotTeas',8000),
(3,'PeppermintHotChocolate','HotDrinks',4500),
(4,'PumpkinSpiceFrappuccino','Frappuccino',4500),
(5,'ChoclateCreamColdBrew','ColdCoffees',3500),
(6,'TevanaMango','IcedTeas',6000),
(7,'DragonDrink','ColdDrinks',4500),
(8,'Capuccino','HotCoffees',8000),
(9,'ChaiTea','HotTeas',7000),
(10,'SteamedAppleJuice','HotDrinks',7000),
(11,'EspressoFrapuccino','Frappuccino',4500),
(12,'IcedFlatWhite','ColdCoffees',4500),
(13,'IcedBlackTea','IcedTeas',6000),
(14,'PinkDrink','ColdDrinks',3500),
(15,'CaffeLatte','HotCoffees',6000),
(16,'MatchaTea','HotTeas',6500),
(17,'CaramelBruleeCream','HotDrinks',5500),
(18,'ChestnutPraline','Frappuccino',3500),
(19,'IcedHoneyAlmondmilk','ColdCoffees',6000),
(20,'IcedLondonFog','IcedTeas',5000);
/*!40000 ALTER TABLE `beverage` ENABLE KEYS */;
UNLOCK TABLES;

--
-- Table structure for table `customer`
--

DROP TABLE IF EXISTS `customer`;
/*!40101 SET @saved_cs_client     = @@character_set_client */;
/*!40101 SET character_set_client = utf8 */;
CREATE TABLE `customer` (
  `id` int(11) NOT NULL AUTO_INCREMENT,
  `name` varchar(20) NOT NULL,
  `gender` char(1) DEFAULT NULL,
  `age` int(11) DEFAULT NULL,
  `nickname` varchar(20) DEFAULT NULL,
  `phone` char(13) NOT NULL,
  `email` varchar(50) DEFAULT NULL,
  PRIMARY KEY (`id`)
) ENGINE=InnoDB AUTO_INCREMENT=138 DEFAULT CHARSET=utf8mb4;
/*!40101 SET character_set_client = @saved_cs_client */;

--
-- Dumping data for table `customer`
--

LOCK TABLES `customer` WRITE;
/*!40000 ALTER TABLE `customer` DISABLE KEYS */;
INSERT INTO `customer` VALUES
(1,'Alex','F',25,'abogey0','010-3588-2300','astaples0@google.co.jp'),
(2,'Tallulah','',18,'thamblington1','010-1366-1105',''),
(3,'Kaela','F',36,'kclay2','010-7540-4788','kgasking2@stumbleupon.com'),
(4,'Estell','F',59,'emelton3','010-4869-8347',''),
(5,'Raoul','M',36,'rpaige4','010-4425-7188','rbergeau4@irs.gov'),
(6,'Alysia','F',53,'aplumley5','010-2220-2434','aimlin5@google.it'),
(7,'Shem','M',41,'sdickman6','010-7291-7988',''),
(8,'Ardisj','F',0,'arickford7','010-3732-5677','aburkett7@privacy.gov.au'),
(9,'Jermaine','',15,'jeckley8','010-3082-8556','jdoran8@soundcloud.com'),
(10,'Jehanna','',47,'jmemmory9','010-7728-7730','jdamrell9@yahoo.co.jp'),
(11,'Briant','M',22,'bdelberguea','010-2900-5898','bramsella@netvibes.com'),
(12,'Kandy','F',0,'kkearleyb','010-5595-6886','kboostb@taobao.com'),
(13,'Arty','',29,'agirkinsc','010-6343-3621','apetlyurac@gizmodo.com'),
(14,'Berget','F',46,'bivanyushind','010-0264-3153','bboldryd@comsenz.com'),
(15,'Chancey','',22,'cmcmakine','010-3823-1778',''),
(16,'Milly','F',62,'mlebarrf','010-8959-6514',''),
(17,'Dag','M',59,'dyerillg','010-2078-0448',''),
(18,'Noble','M',21,'nebdonh','010-7608-6802',''),
(19,'Tana','F',38,'tcasarii','010-6668-8666','taskhami@miitbeian.gov.cn'),
(20,'Celestyna','F',21,'cdensiej','010-4916-4449','campsj@rakuten.co.jp'),
(21,'Hali','F',61,'hhariotk','010-4498-7145','hbonellek@mediafire.com'),
(22,'Boycie','M',58,'','010-0149-6665','bcrocel@princeton.edu'),
(23,'Glennie','F',24,'gelmanm','010-6246-8684','gbeardsdalem@mozilla.com'),
(24,'Horatia','',64,'hliepinan','010-8372-1092',''),
(25,'Jabez','M',33,'','010-3032-3164','jfreddio@theatlantic.com'),
(26,'Linea','F',61,'','010-1148-2417','lletterickp@comcast.net'),
(27,'Darby','F',0,'dhellwichq','010-1479-4835',''),
(28,'Clemmy','F',31,'ccossonsr','010-2042-6180','cblockwellr@fema.gov'),
(29,'Ronnie','M',35,'rsiddons','010-4269-9416',''),
(30,'Tobiah','M',0,'tchristoflet','010-5256-5110',''),
(31,'Virginia','',47,'vdurrandu','010-6151-8130',''),
(32,'Ab','M',18,'aklicherv','010-9502-7022','arochellev@tamu.edu'),
(33,'Dur','',17,'dboscottw','010-4656-3261',''),
(34,'Janek','M',47,'jserchwellx','010-4058-2077',''),
(35,'Byram','',35,'buttermarey','010-8550-8828','bwhetsony@gmpg.org'),
(36,'Lonnie','',31,'lkiddz','010-6969-2442','ljoslingz@hubpages.com'),
(37,'Evelyn','',24,'emccutcheon10','010-2988-2718','enutt10@yelp.com'),
(38,'Ortensia','F',56,'','010-6700-5301','onorcop11@state.gov'),
(39,'Lockwood','M',0,'lredparth12','010-1051-7909','ltower12@twitter.com'),
(40,'Fabiano','M',0,'fwignall13','010-1968-2216','ftomenson13@seesaa.net'),
(41,'Ernst','M',0,'euebel14','010-3226-9441','edillway14@dropbox.com'),
(42,'Tandy','F',52,'tspendlove15','010-2063-0230','tmcinteer15@newyorker.com'),
(43,'Sara-ann','F',65,'sgrogono16','010-1110-4547','sayris16@feedburner.com'),
(44,'Dee dee','',19,'','010-8071-9025','dmayers17@comsenz.com'),
(45,'Gloriana','F',0,'gcooper18','010-3185-8693',''),
(46,'Kiersten','',53,'kvice19','010-9171-5553','kpothergill19@symantec.com'),
(47,'Hedy','F',20,'hbellamy1a','010-7161-2382',''),
(48,'Isabelita','',39,'ischoffler1b','010-1109-0998','ilahy1b@drupal.org'),
(49,'Dora','F',45,'dsporner1c','010-3589-6242','dlube1c@boston.com'),
(50,'Emory','',22,'edhenin1d','010-1388-7313',''),
(51,'Mab','',0,'mheatlie1e','010-6372-8068','mtarpey1e@uiuc.edu'),
(52,'Adrian','M',48,'aquartermain1f','010-8445-9996','adymidowicz1f@businesswire.com'),
(53,'Maitilde','F',53,'meverex1g','010-7730-4402',''),
(54,'Galen','',0,'','010-8825-6300','ghubbocks1h@msn.com'),
(55,'Valaria','F',57,'vflowerdew1i','010-8322-9001',''),
(56,'Cammy','F',48,'cdenziloe1j','010-6828-6824','cmenhci1j@japanpost.jp'),
(57,'Kylynn','F',59,'kswash1k','010-1325-9234','koilier1k@alibaba.com'),
(58,'Garwin','M',18,'gdallinder1l','010-4052-9027','gkubicek1l@meetup.com'),
(59,'Tyson','M',38,'tdachey1m','010-5122-5008','tbulle1m@github.io'),
(60,'Rooney','M',37,'rscowcroft1n','010-2619-7934','rharnott1n@wordpress.org'),
(61,'Dimitri','M',46,'dferrario1o','010-8206-3164',''),
(62,'Hendrick','M',65,'','010-5430-5576','hcaseborne1p@ocn.ne.jp'),
(63,'Goldia','',0,'gconfort1q','010-6805-4625','gtrundell1q@skype.com'),
(64,'Currey','',42,'cedinborough1r','010-5900-8484','cdunniom1r@oakley.com'),
(65,'Florina','F',16,'fduberry1s','010-6704-3941',''),
(66,'Sauncho','M',0,'schasemoore1t','010-4794-7167',''),
(67,'Henrietta','',0,'hdewicke1u','010-2137-0173','hmanwell1u@go.com'),
(68,'Staci','',65,'sgillbanks1v','010-1160-4212','savramov1v@unc.edu'),
(69,'Linette','F',55,'lstannus1w','010-5272-2461',''),
(70,'Felice','F',0,'fjentzsch1x','010-8802-7602','fbutts1x@posterous.com'),
(71,'Boote','M',46,'bjozefiak1y','010-0002-2257','bbehan1y@about.com'),
(72,'Renelle','F',54,'rkauscher1z','010-1854-0724','rlennox1z@gmpg.org'),
(73,'Rosanne','',30,'roscanlon20','010-2656-7685','rthoma20@fc2.com'),
(74,'Silvio','M',0,'slewington21','010-6700-0239','staylour21@twitter.com'),
(75,'Brigit','F',27,'blindermann22','010-3074-1958',''),
(76,'Jere','M',44,'','010-4116-1710','jvanes23@spiegel.de'),
(77,'Paten','M',0,'pgroundwator24','010-5733-3190',''),
(78,'Tobit','',59,'tdeeming25','010-8229-1762','tplumtree25@google.es'),
(79,'Caterina','F',54,'crecke26','010-5421-2137','cemberson26@europa.eu'),
(80,'Al','M',36,'','010-0641-3794','agemlett27@ox.ac.uk'),
(81,'Domenic','',50,'dtrevascus28','010-9954-8102','dantognetti28@icio.us'),
(82,'Brynn','',49,'','010-7670-2063','bbegent29@miibeian.gov.cn'),
(83,'Bentley','',0,'bhamlington2a','010-1316-6424',''),
(84,'Jonah','M',59,'jbairnsfather2b','010-0427-0014',''),
(85,'Garret','M',17,'ghiggan2c','010-4059-1196','gbilbrey2c@plala.or.jp'),
(86,'Dory','M',23,'dondrak2d','010-9606-2854','djoire2d@cocolog-nifty.com'),
(87,'Matthieu','M',53,'','010-8792-9946','msoldner2e@so-net.ne.jp'),
(88,'Roxanne','F',58,'rherculeson2f','010-0516-5473','rvoisey2f@army.mil'),
(89,'Vyky','',34,'vsnar2g','010-3370-1921','veverix2g@storify.com'),
(90,'Caresa','F',54,'cbarnwell2h','010-6304-7924','cricket2h@washingtonpost.com'),
(91,'Lotti','',0,'','010-5558-8617','lmolohan2i@answers.com'),
(92,'Judi','',26,'jbenduhn2j','010-4201-8094','jbarmby2j@php.net'),
(93,'Prent','M',38,'pmanuel2k','010-4110-4331',''),
(94,'Thedric','',0,'','010-1712-9694','tpentycross2l@sphinn.com'),
(95,'Olenka','',30,'oleys2m','010-1261-3211','oduester2m@vk.com'),
(96,'Hyacintha','',43,'hkeddie2n','010-3869-3609','hjessope2n@fda.gov'),
(97,'Christoph','M',0,'','010-5771-9798','ccluse2o@livejournal.com'),
(98,'Ralina','',59,'rcollister2p','010-7385-9193',''),
(99,'Caroline','F',33,'caiston2q','010-8308-9880','cmcfadden2q@jalbum.net'),
(100,'Matthew','M',54,'','010-6493-6709','mhumphris2r@bloglovin.com'),
(101,'Judith','',39,'jtiller2s','010-2841-8871','jleckenby2s@samsung.com'),
(102,'Taylor','M',56,'thughesdon2t','010-9253-5738','tshenfisch2t@earthlink.net'),
(103,'Harlen','',0,'hedwardson2u','010-2522-9150','hdulin2u@xing.com'),
(104,'Iolanthe','F',0,'','010-1561-2126',''),
(105,'Buddie','',55,'bdowling2w','010-2921-5400',''),
(106,'Boycey','',43,'bcoorington2x','010-3047-5898','bfollos2x@unesco.org'),
(107,'Ludvig','M',21,'lpeacop2y','010-6845-9049','lhickeringill2y@github.io'),
(108,'Grant','',64,'ggiraudeau2z','010-2346-3822','gskully2z@ovh.net'),
(109,'Welbie','M',18,'wwaud30','010-0701-8872','wlane30@icio.us'),
(110,'Bertina','F',22,'brestill31','010-9889-2482','bsanter31@csmonitor.com'),
(111,'Kriste','F',42,'ksimek32','010-0311-6420','kpirozzi32@hao123.com'),
(112,'Jaymie','M',38,'jgooders33','010-4797-6081','jbrewer33@diigo.com'),
(113,'Alena','',50,'awelbeck34','010-4948-6976','aadnam34@addtoany.com'),
(114,'Harrison','M',36,'','010-3172-2456','hmenhenitt35@businesswire.com'),
(115,'Shayne','M',31,'skimmons36','010-9913-2914',''),
(116,'Karlik','M',0,'kbrendeke37','010-6003-6765',''),
(117,'Cathrine','',0,'cunthank38','010-4686-2023','chambly38@nsw.gov.au'),
(118,'Cully','',0,'cmccaster39','010-1687-1954','cgorick39@statcounter.com'),
(119,'Katey','',0,'kgoldsack3a','010-1190-2147',''),
(120,'Kaitlin','',50,'kthorbon3b','010-4967-5649','kfindlow3b@bloglovin.com'),
(121,'Cairistiona','F',42,'cratcliffe3c','010-3991-9986','cskahill3c@posterous.com'),
(122,'Millicent','F',0,'mduns3d','010-2049-2067',''),
(123,'Nadya','F',0,'','010-6043-7535','nswitzer3e@acquirethisname.com'),
(124,'Sebastiano','M',37,'scull3f','010-6555-9843','sbaughan3f@cdc.gov'),
(125,'Thatcher','M',18,'tbernholt3g','010-7789-6278','tkleinzweig3g@google.cn'),
(126,'Ulysses','M',54,'uemanuele3h','010-4224-4118','ugooms3h@histats.com'),
(127,'Zulema','F',58,'zarden3i','010-3195-0030','zsimoens3i@newyorker.com'),
(128,'Morey','M',27,'','010-0378-2301','maleksidze3j@yale.edu'),
(129,'Amanda','F',44,'aseakin3k','010-6304-9603','agartan3k@sciencedaily.com'),
(130,'Rowe','F',31,'rsorton3l','010-9187-6963',''),
(131,'Walliw','',23,'wdillingstone3m','010-4067-1802',''),
(132,'Trenna','F',49,'taburrow3n','010-0509-7567','tcopland3n@people.com.cn'),
(133,'Clevey','',0,'cschuster3o','010-4288-7095',''),
(134,'Trevor','',53,'tvondracek3p','010-1907-0975','tdankersley3p@taobao.com'),
(135,'Claudine','F',62,'ckillick3q','010-3653-2320','cwoodyeare3q@springer.com'),
(136,'Murry','',57,'','010-4790-6178','mmacelroy3r@theatlantic.com'),
(137,'Emmerich','M',16,'etowriss3s','010-1439-6585','epegrum3s@so-net.ne.jp');
/*!40000 ALTER TABLE `customer` ENABLE KEYS */;
UNLOCK TABLES;

--
-- Table structure for table `emp`
--

DROP TABLE IF EXISTS `emp`;
/*!40101 SET @saved_cs_client     = @@character_set_client */;
/*!40101 SET character_set_client = utf8 */;
CREATE TABLE `emp` (
  `id` int(11) NOT NULL AUTO_INCREMENT,
  `name` varchar(20) DEFAULT NULL,
  `start_date` date DEFAULT NULL,
  `salary` int(11) DEFAULT NULL,
  PRIMARY KEY (`id`)
) ENGINE=InnoDB AUTO_INCREMENT=16 DEFAULT CHARSET=utf8mb4;
/*!40101 SET character_set_client = @saved_cs_client */;

--
-- Dumping data for table `emp`
--

LOCK TABLES `emp` WRITE;
/*!40000 ALTER TABLE `emp` DISABLE KEYS */;
INSERT INTO `emp` VALUES
(1,'Ashli','2013-08-10',354),
(2,'Nicolas','2016-08-24',260),
(3,'Orly','2019-03-27',338),
(4,'Star','2021-08-21',383),
(5,'Bernardine','2013-07-21',384),
(6,'Kirsti','2019-11-27',375),
(7,'Blithe','2013-01-24',214),
(8,'Osmond','2012-01-22',367),
(9,'Lazarus','2011-11-26',253),
(10,'Eachelle','2014-03-26',390),
(11,'Teirtza','2021-07-17',373),
(12,'Vidovik','2013-07-22',446),
(13,'Eleanor','2011-07-21',302),
(14,'Zandra','2011-09-16',354),
(15,'Miquela','2019-11-28',285);
/*!40000 ALTER TABLE `emp` ENABLE KEYS */;
UNLOCK TABLES;

--
-- Table structure for table `orderdetails`
--

DROP TABLE IF EXISTS `orderdetails`;
/*!40101 SET @saved_cs_client     = @@character_set_client */;
/*!40101 SET character_set_client = utf8 */;
CREATE TABLE `orderdetails` (
  `orders_id` int(11) NOT NULL,
  `beverage_id` int(11) NOT NULL,
  `beverage_cnt` int(11) DEFAULT NULL,
  KEY `fk_orders_id` (`orders_id`),
  KEY `fk_beverage_id` (`beverage_id`),
  CONSTRAINT `fk_beverage_id` FOREIGN KEY (`beverage_id`) REFERENCES `beverage` (`id`),
  CONSTRAINT `fk_orders_id` FOREIGN KEY (`orders_id`) REFERENCES `orders` (`id`)
) ENGINE=InnoDB DEFAULT CHARSET=utf8mb4;
/*!40101 SET character_set_client = @saved_cs_client */;

--
-- Dumping data for table `orderdetails`
--

LOCK TABLES `orderdetails` WRITE;
/*!40000 ALTER TABLE `orderdetails` DISABLE KEYS */;
INSERT INTO `orderdetails` VALUES
(1,15,4),
(1,11,1),
(1,5,4),
(2,6,3),
(2,9,3),
(2,10,4),
(3,2,3),
(3,16,4),
(3,17,1),
(4,14,3),
(4,4,2),
(5,3,3),
(5,19,3),
(5,7,3),
(6,20,1),
(7,1,2),
(8,8,3),
(8,19,3),
(8,7,1),
(9,3,1),
(9,4,4),
(9,20,2),
(10,9,2),
(11,17,2),
(11,14,1),
(11,10,1),
(12,8,2),
(12,1,2),
(13,18,3),
(14,5,3),
(15,13,1),
(15,15,1),
(16,12,3),
(16,6,3),
(16,1,3),
(17,16,4),
(17,14,1),
(17,18,1),
(18,8,2),
(18,12,1),
(18,10,1),
(19,19,2),
(19,11,4),
(19,15,3),
(20,2,3),
(20,13,4),
(20,20,2),
(21,7,1),
(21,9,2),
(22,5,3),
(22,17,2),
(22,19,2),
(23,2,4),
(23,7,3),
(24,13,4),
(24,9,3),
(24,11,3),
(25,10,2),
(25,14,2),
(25,16,2),
(26,8,2),
(26,3,2),
(27,1,1),
(28,12,3),
(28,17,2),
(29,18,1),
(29,15,4),
(29,20,1),
(30,6,1),
(31,17,4),
(32,11,2),
(32,16,3),
(32,2,1),
(33,12,1),
(34,15,4),
(34,10,2),
(35,7,3),
(36,13,2),
(36,3,4),
(36,18,1),
(37,14,3),
(37,4,1),
(37,5,2),
(38,9,3),
(39,1,4),
(40,8,4),
(40,10,2),
(40,13,3),
(41,17,1),
(41,2,1),
(41,11,3),
(42,6,1),
(42,9,3),
(43,5,2),
(43,20,1),
(43,15,1),
(44,12,1),
(44,16,2),
(44,1,4),
(45,19,1),
(45,14,1),
(45,18,3),
(46,5,2),
(47,1,3),
(48,10,2),
(48,14,4),
(48,15,3),
(49,16,4),
(49,3,4),
(49,20,4),
(50,2,1),
(50,9,3),
(50,18,2),
(51,6,3),
(52,12,2),
(53,7,1),
(53,8,3),
(54,17,3),
(54,19,2),
(54,19,1),
(55,3,3),
(56,2,3),
(56,8,4),
(56,10,3),
(57,12,2),
(57,5,2),
(57,17,1),
(58,16,1),
(59,6,1),
(59,7,1),
(59,20,1),
(60,1,2),
(61,13,2),
(61,11,1),
(62,9,2),
(62,4,3),
(62,4,4),
(63,15,2),
(63,9,3),
(63,14,3),
(64,10,4),
(65,19,4),
(66,20,1),
(66,18,4),
(67,12,1),
(68,7,1),
(69,13,1),
(69,8,3),
(70,6,2),
(71,3,4),
(71,5,2),
(72,2,1),
(72,1,2),
(72,12,4),
(73,5,3),
(74,4,3),
(74,15,2),
(75,20,4),
(76,14,2),
(76,7,3),
(77,2,1),
(77,9,2),
(78,8,2),
(78,10,1),
(78,11,1),
(79,6,2),
(79,1,3),
(79,16,1),
(80,13,3),
(80,18,1),
(81,18,2),
(81,12,1),
(82,16,2),
(82,10,1),
(82,5,4),
(83,2,2),
(84,9,3),
(85,1,3),
(85,3,2),
(86,6,1),
(86,20,4),
(86,11,3),
(87,15,4),
(88,7,2),
(89,4,3),
(89,14,3),
(89,13,1),
(90,19,2),
(90,20,3),
(91,13,2),
(91,15,4),
(92,9,3),
(93,16,2),
(94,12,2),
(94,4,3),
(95,2,1),
(95,5,4),
(95,10,4),
(96,18,2),
(96,17,1),
(97,1,3),
(98,14,3),
(98,8,3),
(99,3,2),
(100,18,1),
(101,17,3),
(101,9,1),
(101,19,2),
(102,6,3),
(102,13,3),
(103,4,2),
(104,20,4),
(105,14,1),
(106,2,3),
(106,11,1),
(106,1,2),
(107,16,3),
(107,5,4),
(108,3,3),
(108,7,1),
(109,12,1),
(109,17,3),
(110,2,3),
(110,6,1),
(111,13,3),
(111,3,2),
(112,5,2),
(113,8,3),
(113,12,4),
(113,19,3),
(114,11,4),
(114,20,2),
(114,7,1),
(115,14,2),
(115,16,2),
(116,18,1),
(117,15,1),
(118,9,4),
(118,10,2),
(119,14,1),
(119,2,1),
(120,9,1),
(120,20,4),
(120,1,4),
(121,12,3),
(122,5,1),
(122,16,1),
(122,18,1),
(123,13,3),
(123,3,3),
(123,6,4),
(124,11,1),
(125,8,2),
(125,15,1),
(126,7,1),
(126,10,4),
(126,8,3),
(127,14,2),
(127,17,4),
(127,11,2),
(128,12,4),
(129,6,4),
(129,13,1),
(129,15,2),
(130,4,3),
(130,16,1),
(131,2,1),
(131,20,4),
(131,9,3),
(132,7,3),
(132,1,2),
(133,19,4),
(133,19,2),
(133,6,1),
(134,20,4),
(135,14,2),
(135,16,1),
(135,1,2),
(136,5,2),
(137,4,4),
(138,13,1),
(138,2,1),
(139,7,2),
(140,18,1),
(140,15,3),
(140,8,4),
(141,9,4),
(141,3,3),
(142,17,1),
(142,2,1),
(143,16,3),
(143,11,1),
(143,9,4),
(144,5,1),
(145,4,1),
(145,14,3),
(146,17,1),
(146,13,4),
(147,10,3),
(147,18,3),
(147,20,1),
(148,12,4),
(148,6,1),
(148,7,4),
(149,1,4),
(150,15,4),
(151,8,3),
(151,15,2),
(152,1,2),
(153,17,3),
(153,4,4),
(154,7,4),
(154,20,1),
(154,13,3),
(155,16,4),
(155,5,2),
(156,14,1),
(156,18,4),
(157,6,4),
(157,11,3),
(158,19,3),
(158,2,2),
(158,12,1),
(159,12,2),
(160,6,1),
(160,20,2),
(161,1,2),
(161,13,4),
(161,16,1),
(162,7,1),
(162,2,4),
(162,14,1),
(163,10,3),
(164,19,4),
(165,15,2),
(166,17,1),
(167,4,1),
(167,11,3),
(168,9,3),
(169,3,3),
(170,18,3),
(170,5,3),
(171,8,4),
(172,15,2),
(172,12,2),
(173,17,4),
(173,16,2),
(174,3,4),
(175,13,2),
(176,8,1),
(176,14,4),
(176,20,1),
(177,19,2),
(177,18,1),
(178,1,3);
/*!40000 ALTER TABLE `orderdetails` ENABLE KEYS */;
UNLOCK TABLES;

--
-- Table structure for table `orders`
--

DROP TABLE IF EXISTS `orders`;
/*!40101 SET @saved_cs_client     = @@character_set_client */;
/*!40101 SET character_set_client = utf8 */;
CREATE TABLE `orders` (
  `id` int(11) NOT NULL AUTO_INCREMENT,
  `customer_id` int(11) NOT NULL,
  `date_ordered` datetime DEFAULT NULL,
  `total_cnt` int(11) DEFAULT NULL,
  `total_price` int(11) DEFAULT NULL,
  `emp_id` int(11) NOT NULL,
  PRIMARY KEY (`id`),
  KEY `fk_customer_id` (`customer_id`),
  KEY `fk_emp_id` (`emp_id`),
  CONSTRAINT `fk_customer_id` FOREIGN KEY (`customer_id`) REFERENCES `customer` (`id`),
  CONSTRAINT `fk_emp_id` FOREIGN KEY (`emp_id`) REFERENCES `emp` (`id`)
) ENGINE=InnoDB AUTO_INCREMENT=179 DEFAULT CHARSET=utf8mb4;
/*!40101 SET character_set_client = @saved_cs_client */;

--
-- Dumping data for table `orders`
--

LOCK TABLES `orders` WRITE;
/*!40000 ALTER TABLE `orders` DISABLE KEYS */;
INSERT INTO `orders` VALUES
(1,21,'2022-12-06 00:50:00',9,42500,15),
(2,34,'2022-12-06 00:50:00',10,67000,13),
(3,101,'2022-12-06 01:03:00',8,55500,3),
(4,133,'2022-12-06 01:26:00',5,19500,10),
(5,47,'2022-12-06 03:01:00',9,45000,2),
(6,63,'2022-12-06 03:33:00',1,5000,8),
(7,44,'2022-12-06 03:37:00',2,13000,12),
(8,116,'2022-12-06 04:00:00',7,46500,11),
(9,110,'2022-12-06 06:04:00',7,32500,15),
(10,136,'2022-12-06 06:36:00',2,14000,6),
(11,4,'2022-12-06 06:49:00',4,21500,3),
(12,66,'2022-12-06 06:51:00',4,29000,5),
(13,112,'2022-12-06 06:55:00',3,10500,10),
(14,56,'2022-12-06 07:44:00',3,10500,4),
(15,131,'2022-12-06 08:33:00',2,12000,8),
(16,111,'2022-12-06 09:36:00',9,51000,9),
(17,102,'2022-12-06 09:38:00',6,33000,8),
(18,126,'2022-12-06 09:54:00',4,27500,15),
(19,59,'2022-12-06 10:44:00',9,48000,5),
(20,27,'2022-12-06 11:11:00',9,58000,11),
(21,67,'2022-12-06 11:14:00',3,18500,12),
(22,11,'2022-12-06 11:21:00',7,33500,6),
(23,112,'2022-12-06 11:41:00',7,45500,9),
(24,31,'2022-12-06 12:37:00',10,58500,3),
(25,99,'2022-12-06 12:47:00',6,34000,6),
(26,84,'2022-12-06 13:00:00',4,25000,2),
(27,61,'2022-12-06 13:46:00',1,6500,4),
(28,104,'2022-12-06 13:57:00',5,24500,12),
(29,64,'2022-12-06 14:41:00',6,32500,7),
(30,68,'2022-12-06 14:56:00',1,6000,9),
(31,33,'2022-12-06 15:41:00',4,22000,11),
(32,10,'2022-12-06 16:07:00',6,36500,1),
(33,91,'2022-12-06 17:07:00',1,4500,11),
(34,5,'2022-12-06 17:24:00',6,38000,14),
(35,124,'2022-12-06 17:27:00',3,13500,3),
(36,93,'2022-12-06 17:56:00',7,33500,4),
(37,55,'2022-12-06 17:59:00',6,22000,5),
(38,81,'2022-12-06 18:10:00',3,21000,7),
(39,92,'2022-12-06 18:18:00',4,26000,8),
(40,99,'2022-12-06 18:49:00',9,64000,9),
(41,104,'2022-12-06 19:48:00',5,27000,1),
(42,46,'2022-12-06 19:52:00',4,27000,15),
(43,129,'2022-12-06 20:09:00',4,18000,7),
(44,101,'2022-12-06 20:22:00',7,43500,5),
(45,83,'2022-12-06 21:02:00',5,20000,3),
(46,8,'2022-12-06 21:10:00',2,7000,11),
(47,130,'2022-12-06 21:13:00',3,19500,12),
(48,92,'2022-12-06 22:45:00',9,46000,10),
(49,77,'2022-12-06 23:35:00',12,64000,8),
(50,66,'2022-12-06 23:38:00',6,36000,1),
(51,94,'2022-12-07 00:01:00',3,18000,2),
(52,24,'2022-12-07 00:02:00',2,9000,13),
(53,133,'2022-12-07 00:22:00',4,28500,5),
(54,20,'2022-12-07 00:35:00',6,34500,14),
(55,36,'2022-12-07 01:33:00',3,13500,9),
(56,97,'2022-12-07 02:34:00',10,77000,10),
(57,132,'2022-12-07 02:34:00',5,21500,9),
(58,104,'2022-12-07 03:48:00',1,6500,4),
(59,62,'2022-12-07 05:02:00',3,15500,14),
(60,66,'2022-12-07 05:48:00',2,13000,7),
(61,51,'2022-12-07 06:44:00',3,16500,8),
(62,3,'2022-12-07 07:33:00',9,45500,11),
(63,106,'2022-12-07 09:08:00',8,43500,1),
(64,29,'2022-12-07 09:16:00',4,28000,3),
(65,73,'2022-12-07 10:08:00',4,24000,12),
(66,84,'2022-12-07 11:19:00',5,19000,14),
(67,100,'2022-12-07 12:05:00',1,4500,2),
(68,125,'2022-12-07 12:38:00',1,4500,4),
(69,134,'2022-12-07 12:54:00',4,30000,15),
(70,17,'2022-12-07 14:08:00',2,12000,5),
(71,65,'2022-12-07 14:41:00',6,25000,11),
(72,30,'2022-12-07 16:22:00',7,39000,6),
(73,39,'2022-12-07 16:44:00',3,10500,6),
(74,55,'2022-12-07 17:00:00',5,25500,10),
(75,112,'2022-12-07 17:46:00',4,20000,13),
(76,42,'2022-12-07 17:51:00',5,20500,1),
(77,62,'2022-12-07 17:57:00',3,22000,4),
(78,20,'2022-12-07 18:57:00',4,27500,2),
(79,72,'2022-12-07 19:08:00',6,38000,9),
(80,131,'2022-12-07 19:21:00',4,21500,11),
(81,109,'2022-12-07 19:33:00',3,11500,13),
(82,49,'2022-12-07 19:59:00',7,34000,4),
(83,84,'2022-12-07 20:28:00',2,16000,1),
(84,66,'2022-12-07 20:50:00',3,21000,7),
(85,9,'2022-12-07 21:43:00',5,28500,8),
(86,57,'2022-12-07 22:27:00',8,39500,14),
(87,77,'2022-12-07 22:44:00',4,24000,15),
(88,111,'2022-12-08 00:53:00',2,9000,5),
(89,46,'2022-12-08 01:07:00',7,30000,3),
(90,31,'2022-12-08 01:35:00',5,27000,5),
(91,32,'2022-12-08 02:07:00',6,36000,1),
(92,75,'2022-12-08 02:18:00',3,21000,7),
(93,122,'2022-12-08 02:21:00',2,13000,2),
(94,132,'2022-12-08 03:23:00',5,22500,6),
(95,111,'2022-12-08 03:35:00',9,50000,12),
(96,131,'2022-12-08 03:43:00',3,12500,10),
(97,16,'2022-12-08 04:30:00',3,19500,6),
(98,27,'2022-12-08 04:31:00',6,34500,7),
(99,46,'2022-12-08 05:23:00',2,9000,2),
(100,93,'2022-12-08 05:50:00',1,3500,14),
(101,41,'2022-12-08 06:25:00',6,35500,11),
(102,17,'2022-12-08 07:16:00',6,36000,4),
(103,39,'2022-12-08 08:35:00',2,9000,15),
(104,60,'2022-12-08 09:01:00',4,20000,1),
(105,113,'2022-12-08 09:37:00',1,3500,12),
(106,32,'2022-12-08 10:41:00',6,41500,5),
(107,126,'2022-12-08 11:24:00',7,33500,13),
(108,14,'2022-12-08 11:51:00',4,18000,10),
(109,36,'2022-12-08 12:10:00',4,21000,11),
(110,20,'2022-12-08 13:46:00',4,30000,14),
(111,93,'2022-12-08 13:49:00',5,27000,1),
(112,85,'2022-12-08 14:17:00',2,7000,8),
(113,32,'2022-12-08 14:26:00',10,60000,13),
(114,15,'2022-12-08 14:37:00',7,32500,12),
(115,44,'2022-12-08 15:05:00',4,20000,11),
(116,9,'2022-12-08 15:26:00',1,3500,9),
(117,131,'2022-12-08 16:06:00',1,6000,2),
(118,134,'2022-12-08 16:45:00',6,42000,4),
(119,65,'2022-12-08 17:21:00',2,11500,6),
(120,68,'2022-12-08 18:02:00',9,53000,7),
(121,42,'2022-12-08 18:28:00',3,13500,5),
(122,107,'2022-12-08 18:59:00',3,13500,3),
(123,57,'2022-12-08 19:17:00',10,55500,10),
(124,4,'2022-12-08 19:31:00',1,4500,6),
(125,58,'2022-12-08 20:27:00',3,22000,11),
(126,63,'2022-12-08 21:24:00',8,56500,4),
(127,15,'2022-12-08 21:54:00',8,38000,14),
(128,6,'2022-12-08 22:15:00',4,18000,13),
(129,99,'2022-12-08 22:39:00',7,42000,1),
(130,91,'2022-12-08 22:39:00',4,20000,6),
(131,46,'2022-12-08 22:46:00',8,49000,11),
(132,122,'2022-12-08 22:56:00',5,26500,8),
(133,110,'2022-12-08 23:19:00',7,42000,13),
(134,127,'2022-12-08 23:45:00',4,20000,2),
(135,81,'2022-12-08 23:53:00',5,26500,12),
(136,24,'2022-12-08 23:59:00',2,7000,14),
(137,46,'2022-12-09 00:18:00',4,18000,4),
(138,93,'2022-12-09 00:42:00',2,14000,10),
(139,12,'2022-12-09 01:18:00',2,9000,12),
(140,84,'2022-12-09 01:39:00',8,53500,15),
(141,108,'2022-12-09 02:24:00',7,41500,2),
(142,106,'2022-12-09 02:30:00',2,13500,9),
(143,10,'2022-12-09 03:03:00',8,52000,11),
(144,137,'2022-12-09 03:30:00',1,3500,7),
(145,82,'2022-12-09 05:33:00',4,15000,1),
(146,52,'2022-12-09 05:47:00',5,29500,3),
(147,23,'2022-12-09 05:56:00',7,36500,6),
(148,117,'2022-12-09 06:36:00',9,42000,4),
(149,115,'2022-12-09 06:47:00',4,26000,15),
(150,14,'2022-12-09 07:06:00',4,24000,12),
(151,130,'2022-12-09 09:22:00',5,36000,8),
(152,99,'2022-12-09 09:24:00',2,13000,9),
(153,94,'2022-12-09 09:53:00',7,34500,10),
(154,104,'2022-12-09 10:17:00',8,41000,5),
(155,108,'2022-12-09 10:27:00',6,33000,14),
(156,59,'2022-12-09 11:05:00',5,17500,1),
(157,86,'2022-12-09 12:40:00',7,37500,2),
(158,38,'2022-12-09 12:45:00',6,38500,9),
(159,31,'2022-12-09 12:52:00',2,9000,12),
(160,6,'2022-12-09 13:11:00',3,16000,6),
(161,51,'2022-12-09 13:32:00',7,43500,13),
(162,24,'2022-12-09 14:28:00',6,40000,7),
(163,77,'2022-12-09 14:47:00',3,21000,11),
(164,66,'2022-12-09 14:56:00',4,24000,4),
(165,14,'2022-12-09 15:47:00',2,12000,3),
(166,100,'2022-12-09 16:19:00',1,5500,8),
(167,99,'2022-12-09 17:47:00',4,18000,15),
(168,130,'2022-12-09 18:30:00',3,21000,11),
(169,54,'2022-12-09 18:56:00',3,13500,4),
(170,106,'2022-12-09 19:49:00',6,21000,9),
(171,55,'2022-12-09 20:27:00',4,32000,12),
(172,132,'2022-12-09 22:27:00',4,21000,13),
(173,35,'2022-12-09 22:28:00',6,35000,5),
(174,10,'2022-12-09 23:09:00',4,18000,7),
(175,3,'2022-12-09 23:20:00',2,12000,10),
(176,118,'2022-12-09 23:31:00',6,27000,15),
(177,46,'2022-12-09 23:45:00',3,15500,6),
(178,67,'2022-12-09 23:58:00',3,19500,1);
/*!40000 ALTER TABLE `orders` ENABLE KEYS */;
UNLOCK TABLES;
/*!40103 SET TIME_ZONE=@OLD_TIME_ZONE */;

/*!40101 SET SQL_MODE=@OLD_SQL_MODE */;
/*!40014 SET FOREIGN_KEY_CHECKS=@OLD_FOREIGN_KEY_CHECKS */;
/*!40014 SET UNIQUE_CHECKS=@OLD_UNIQUE_CHECKS */;
/*!40101 SET CHARACTER_SET_CLIENT=@OLD_CHARACTER_SET_CLIENT */;
/*!40101 SET CHARACTER_SET_RESULTS=@OLD_CHARACTER_SET_RESULTS */;
/*!40101 SET COLLATION_CONNECTION=@OLD_COLLATION_CONNECTION */;
/*!40111 SET SQL_NOTES=@OLD_SQL_NOTES */;

-- Dump completed on 2022-12-19  6:48:36
