-- MariaDB dump 10.19  Distrib 10.9.3-MariaDB, for debian-linux-gnu (x86_64)
--
-- Host: localhost    Database: cafe
-- ------------------------------------------------------
-- Server version	10.9.3-MariaDB-1:10.9.3+maria~ubu2204-log

/*!40101 SET @OLD_CHARACTER_SET_CLIENT=@@CHARACTER_SET_CLIENT */;
/*!40101 SET @OLD_CHARACTER_SET_RESULTS=@@CHARACTER_SET_RESULTS */;
/*!40101 SET @OLD_COLLATION_CONNECTION=@@COLLATION_CONNECTION */;
/*!40101 SET NAMES utf8mb4 */;
/*!40103 SET @OLD_TIME_ZONE=@@TIME_ZONE */;
/*!40103 SET TIME_ZONE='+00:00' */;
/*!40014 SET @OLD_UNIQUE_CHECKS=@@UNIQUE_CHECKS, UNIQUE_CHECKS=0 */;
/*!40014 SET @OLD_FOREIGN_KEY_CHECKS=@@FOREIGN_KEY_CHECKS, FOREIGN_KEY_CHECKS=0 */;
/*!40101 SET @OLD_SQL_MODE=@@SQL_MODE, SQL_MODE='NO_AUTO_VALUE_ON_ZERO' */;
/*!40111 SET @OLD_SQL_NOTES=@@SQL_NOTES, SQL_NOTES=0 */;

--
-- Table structure for table `beverage`
--

DROP TABLE IF EXISTS `beverage`;
/*!40101 SET @saved_cs_client     = @@character_set_client */;
/*!40101 SET character_set_client = utf8 */;
CREATE TABLE `beverage` (
  `id` int(11) NOT NULL AUTO_INCREMENT,
  `name` varchar(30) NOT NULL,
  `category` varchar(10) NOT NULL,
  `price` int(11) NOT NULL,
  `show_flag` char(1) NOT NULL,
  PRIMARY KEY (`id`),
  UNIQUE KEY `name` (`name`)
) ENGINE=InnoDB AUTO_INCREMENT=21 DEFAULT CHARSET=utf8mb4;
/*!40101 SET character_set_client = @saved_cs_client */;

--
-- Dumping data for table `beverage`
--

LOCK TABLES `beverage` WRITE;
/*!40000 ALTER TABLE `beverage` DISABLE KEYS */;
INSERT INTO `beverage` VALUES
(1,'Americano','HotCoffees',6500,'Y'),
(2,'EarlGreyTea','HotTeas',4500,'Y'),
(3,'PeppermintHotChocolate','HotDrinks',3500,'Y'),
(4,'PumpkinSpiceFrappuccino','Frappuccin',6500,'Y'),
(5,'ChoclateCreamColdBrew','ColdCoffee',4500,'N'),
(6,'TevanaMango','IcedTeas',4000,'Y'),
(7,'DragonDrink','ColdDrinks',4500,'N'),
(8,'Capuccino','HotCoffees',4000,'Y'),
(9,'ChaiTea','HotTeas',5000,'Y'),
(10,'SteamedAppleJuice','HotDrinks',3000,'Y'),
(11,'EspressoFrapuccino','Frappuccin',4000,'N'),
(12,'IcedFlatWhite','ColdCoffee',3500,'Y'),
(13,'IcedBlackTea','IcedTeas',6000,'Y'),
(14,'PinkDrink','ColdDrinks',5000,'Y'),
(15,'CaffeLatte','HotCoffees',6000,'Y'),
(16,'MatchaTea','HotTeas',4000,'N'),
(17,'CaramelBruleeCream','HotDrinks',4500,'Y'),
(18,'ChestnutPraline','Frappuccin',6000,'Y'),
(19,'IcedHoneyAlmondmilk','ColdCoffee',4500,'Y'),
(20,'IcedLondonFog','IcedTeas',4500,'Y');
/*!40000 ALTER TABLE `beverage` ENABLE KEYS */;
UNLOCK TABLES;

--
-- Table structure for table `customer`
--

DROP TABLE IF EXISTS `customer`;
/*!40101 SET @saved_cs_client     = @@character_set_client */;
/*!40101 SET character_set_client = utf8 */;
CREATE TABLE `customer` (
  `id` int(11) NOT NULL AUTO_INCREMENT,
  `name` varchar(20) NOT NULL,
  `gender` char(1) DEFAULT NULL,
  `age` int(11) DEFAULT NULL,
  `nickname` varchar(20) DEFAULT NULL,
  `phone` varchar(20) NOT NULL,
  `email` varchar(30) DEFAULT NULL,
  PRIMARY KEY (`id`)
) ENGINE=InnoDB AUTO_INCREMENT=201 DEFAULT CHARSET=utf8mb4;
/*!40101 SET character_set_client = @saved_cs_client */;

--
-- Dumping data for table `customer`
--

LOCK TABLES `customer` WRITE;
/*!40000 ALTER TABLE `customer` DISABLE KEYS */;
INSERT INTO `customer` VALUES
(1,'Ennis','M',0,'','010-5356-6969','elyfield0@hhs.gov'),
(2,'Josh','M',0,'','010-3169-2516','jamner1@cdbaby.com'),
(3,'Elisabetta','F',52,'eayrs2','010-0354-5489','elippard2@360.cn'),
(4,'Pascale','',15,'ppaladino3','010-2032-3367',''),
(5,'Jereme','M',30,'jlynskey4','010-8526-0125','jmenary4@biblegateway.com'),
(6,'Erin','F',58,'ewinterbourne5','010-4381-9285','eyard5@dmoz.org'),
(7,'Decca','M',65,'dscotfurth6','010-4140-4790','dchittem6@github.io'),
(8,'Lola','F',60,'lcrowthe7','010-8989-7516','lmcphelimey7@cam.ac.uk'),
(9,'Israel','M',45,'iyarnley8','010-6295-5387','ileving8@blog.com'),
(10,'Esme','M',27,'eprigg9','010-7135-5451','eannott9@state.gov'),
(11,'Hube','M',61,'hvigoursa','010-4317-1067','hveeversa@prweb.com'),
(12,'Danit','',0,'','010-0831-7529',''),
(13,'Ransell','M',36,'rethingtonc','010-0877-3258','rbredeec@cdc.gov'),
(14,'Robin','M',60,'rrenneked','010-5059-8508','rmorriced@ask.com'),
(15,'Lillian','F',50,'lmillerye','010-6375-3394','libele@ebay.co.uk'),
(16,'Mallory','F',21,'mcastledinef','010-9170-7479','mlermitf@slate.com'),
(17,'Leigh','M',65,'lcudbertsong','010-0295-7982','lsherrattg@intel.com'),
(18,'Helenelizabeth','',54,'hhaddenh','010-3945-2757',''),
(19,'Kimball','M',47,'krourkei','010-7465-1688','kdanksi@imdb.com'),
(20,'Franciska','F',38,'fborboroughj','010-2836-8567','flarkkemj@typepad.com'),
(21,'Royal','M',60,'rtolerk','010-2948-7908','rdegank@wix.com'),
(22,'Eloise','F',0,'','010-8872-1582','edugalll@hud.gov'),
(23,'Maurie','M',28,'mstrobandm','010-4327-9670','mmcmenemym@wufoo.com'),
(24,'Ashely','F',23,'abaggsn','010-2336-0623','abushn@paginegialle.it'),
(25,'Inge','F',38,'igillumo','010-8535-4109','ilivocko@dailymotion.com'),
(26,'Byrle','M',50,'bkeyhoep','010-7113-5837','bgrenshielsp@technorati.com'),
(27,'Ivie','F',59,'itzukerq','010-6308-7105','ilanbertoniq@t.co'),
(28,'Gray','',0,'','010-0703-4783',''),
(29,'Olivier','M',0,'','010-7804-1303','ospats@nymag.com'),
(30,'Kelbee','M',57,'ktoombst','010-1712-8669','kpeachamt@youtube.com'),
(31,'Portia','F',57,'phigounetu','010-5232-5696','pjankowskiu@fema.gov'),
(32,'Micheline','',24,'mfearneleyv','010-7198-2999',''),
(33,'Elwyn','',27,'emcaveyw','010-9455-3420',''),
(34,'Gusty','',25,'gserraillierx','010-0589-3721',''),
(35,'Sauveur','M',32,'shardery','010-4136-8379','smarkliny@amazon.com'),
(36,'Silva','F',64,'sbartonz','010-2649-1071','sridouttz@google.fr'),
(37,'Kale','M',37,'kjanson10','010-6609-6680','klowne10@unesco.org'),
(38,'Stafford','M',40,'staberner11','010-2663-7183','swickmann11@mayoclinic.com'),
(39,'Kettie','',18,'kbeatens12','010-5915-5798',''),
(40,'Adelina','',62,'apeppin13','010-7432-5030',''),
(41,'Glenn','F',15,'gdeakin14','010-3535-9489','gdarrington14@ted.com'),
(42,'Franky','M',17,'fvellden15','010-5763-3315','fscrine15@alibaba.com'),
(43,'Gregory','M',30,'gteare16','010-8875-6311','gsmales16@google.com.au'),
(44,'Alie','F',15,'apourveer17','010-4046-7039','acheine17@alibaba.com'),
(45,'Horten','',55,'hvarren18','010-7805-4117',''),
(46,'Frasier','',48,'folongain19','010-5988-6590',''),
(47,'Bobina','F',0,'','010-6682-6566','breyburn1a@dailymotion.com'),
(48,'Darb','M',28,'dgodman1b','010-7389-4507','dstovell1b@princeton.edu'),
(49,'Ajay','F',53,'amccartney1c','010-4947-9001','alodin1c@paginegialle.it'),
(50,'Chris','',62,'cwoodruffe1d','010-9196-4439',''),
(51,'Elfrida','F',64,'ehealing1e','010-0903-5092','eroddie1e@scribd.com'),
(52,'Ivan','M',65,'idebeauchamp1f','010-9669-1469','ialeksic1f@bbb.org'),
(53,'Nicolea','F',25,'nhedling1g','010-9254-7581','nflecknell1g@cnet.com'),
(54,'Belinda','',62,'byerrill1h','010-1282-8919',''),
(55,'Davita','F',48,'dvenning1i','010-1910-8150','dkeel1i@rediff.com'),
(56,'Isabelita','',51,'icounsell1j','010-1612-1195',''),
(57,'Konstantine','M',63,'kbroadbury1k','010-4859-1230','kshropsheir1k@ft.com'),
(58,'Steffane','F',37,'ssaffill1l','010-8905-6010','skenningham1l@sbwire.com'),
(59,'Karlee','F',39,'kjiroutka1m','010-8792-4394','khartles1m@moonfruit.com'),
(60,'Sumner','M',35,'smachel1n','010-2724-0347','smettricke1n@reuters.com'),
(61,'Von','M',48,'vlemmer1o','010-9738-1562','vcasserley1o@booking.com'),
(62,'Bertina','F',19,'bpaulisch1p','010-7677-2102','bbasindale1p@independent.co.uk'),
(63,'Pippy','F',37,'pmedley1q','010-8771-2270','pcleobury1q@behance.net'),
(64,'Fidole','M',38,'ffolan1r','010-1001-8197','fcicculi1r@shinystat.com'),
(65,'Storm','',16,'sbeavors1s','010-3146-0358',''),
(66,'Georgena','',17,'glifton1t','010-7844-3284',''),
(67,'Suzie','',60,'swilflinger1u','010-4792-4668',''),
(68,'Jobey','F',42,'jclemenzi1v','010-0765-2351','jriggert1v@php.net'),
(69,'Horton','',55,'hmattevi1w','010-7791-5257',''),
(70,'Chrissy','M',51,'cburnel1x','010-8462-2518','cdye1x@wisc.edu'),
(71,'Maisey','F',57,'mlegendre1y','010-1078-3066','msagg1y@theglobeandmail.com'),
(72,'Raf','F',23,'rbertie1z','010-8271-6691','rharker1z@i2i.jp'),
(73,'Vinnie','M',0,'','010-3753-2565','vvogelein20@unesco.org'),
(74,'Gregg','M',0,'','010-8898-1705','gkirmond21@ehow.com'),
(75,'Sarine','F',20,'sallsobrook22','010-4915-9090','scrisp22@twitter.com'),
(76,'Bondon','M',55,'bstollsteimer23','010-2907-3314','bdiack23@foxnews.com'),
(77,'Angelica','F',59,'agirke24','010-5992-2787','amakey24@hc360.com'),
(78,'Nettie','F',0,'','010-3770-2051','npunton25@soup.io'),
(79,'Arabella','F',27,'adimbylow26','010-4946-8398','ashilstone26@go.com'),
(80,'Flore','F',0,'','010-2993-5340','fchichgar27@skyrock.com'),
(81,'Devina','F',55,'dpeppard28','010-6567-5831','dpepineaux28@yelp.com'),
(82,'Briny','',27,'bharbage29','010-7030-7854',''),
(83,'Neel','',35,'nsandiland2a','010-7472-1981',''),
(84,'Myrvyn','M',24,'miaduccelli2b','010-9093-9276','mbrimmacombe2b@ft.com'),
(85,'Nicolina','F',29,'nattawell2c','010-5355-4960','nganiclef2c@linkedin.com'),
(86,'Lem','M',59,'lhurtado2d','010-6330-5769','lscrimshire2d@jiathis.com'),
(87,'Lesley','F',58,'lbole2e','010-1277-7325','llea2e@netvibes.com'),
(88,'Ramon','M',60,'rwenham2f','010-2964-6551','rgisburne2f@chron.com'),
(89,'Tomasina','',24,'tfretter2g','010-2556-1799',''),
(90,'Aldin','M',54,'apowner2h','010-0334-4781','akilliam2h@google.fr'),
(91,'Rafi','M',0,'','010-1762-3185','rlitel2i@shop-pro.jp'),
(92,'Sarine','F',19,'sfeldklein2j','010-1806-4290','svogeler2j@so-net.ne.jp'),
(93,'Drucill','F',26,'drosiello2k','010-9489-0744','dbourgour2k@cocolog-nifty.com'),
(94,'Federico','M',56,'fhardway2l','010-2989-0538','fbrise2l@cam.ac.uk'),
(95,'Sabina','F',0,'','010-3050-0340','smagor2m@hatena.ne.jp'),
(96,'Jorey','F',0,'','010-2667-0391','jblaise2n@eventbrite.com'),
(97,'Junia','F',27,'jgland2o','010-3196-4589','jszymonwicz2o@nih.gov'),
(98,'Patin','M',53,'pbreddy2p','010-6850-3648','psallier2p@psu.edu'),
(99,'Kiel','M',0,'','010-0245-8336','kwanka2q@aboutads.info'),
(100,'Rori','F',0,'','010-9680-1932','rhabbergham2r@ucoz.ru'),
(101,'Franciska','',24,'fmckeighen2s','010-1244-8273',''),
(102,'Guendolen','F',18,'gmathwin2t','010-2527-7840','groels2t@xrea.com'),
(103,'Heath','M',0,'','010-0954-8119','heccersley2u@ucla.edu'),
(104,'Gaylord','M',44,'ghenderson2v','010-3063-7860','gpiscot2v@mozilla.com'),
(105,'Shannon','M',65,'ssmaling2w','010-0208-8324','sbreach2w@opensource.org'),
(106,'Izabel','',51,'ireeders2x','010-5143-0107',''),
(107,'Bronnie','',35,'bdupre2y','010-2352-2433',''),
(108,'Susan','',25,'stremayle2z','010-7122-7273',''),
(109,'Hewe','',18,'hfishley30','010-8746-8144',''),
(110,'Lena','',55,'lvassall31','010-7054-0953',''),
(111,'Nadeen','',35,'nalder32','010-0323-8938',''),
(112,'Sherwood','M',0,'','010-6763-9839','swickson33@paypal.com'),
(113,'Xylia','F',48,'xpollastro34','010-9456-6745','xdanskine34@i2i.jp'),
(114,'Elora','F',41,'eroskilly35','010-1463-6620','eogrady35@berkeley.edu'),
(115,'Andres','',42,'amackibbon36','010-5838-5592',''),
(116,'Shelton','',58,'smadrell37','010-8808-0807',''),
(117,'Chucho','M',0,'','010-9187-3076','cnanetti38@indiatimes.com'),
(118,'Tripp','M',33,'thedan39','010-4104-6741','tcongram39@washington.edu'),
(119,'Maighdiln','',0,'','010-7448-1574',''),
(120,'Ramona','F',43,'rmateev3b','010-2407-3445','rharvie3b@aboutads.info'),
(121,'Dael','M',18,'dmeece3c','010-8976-5716','dlucas3c@unc.edu'),
(122,'Deeyn','F',18,'dlaughton3d','010-6234-6075','dkitteridge3d@zimbio.com'),
(123,'Gerrie','F',47,'gupton3e','010-7030-8962','gmcclifferty3e@senate.gov'),
(124,'Calhoun','M',43,'cagott3f','010-0181-7698','cdrinnan3f@vinaora.com'),
(125,'Hestia','F',41,'hbolstridge3g','010-1500-5835','hpibworth3g@sogou.com'),
(126,'Carena','',32,'cbendley3h','010-3265-7372',''),
(127,'Wood','M',61,'wvanstone3i','010-0914-9703','wbalmadier3i@fc2.com'),
(128,'Phineas','M',65,'pramalhete3j','010-2139-0378','pivanikhin3j@japanpost.jp'),
(129,'Aristotle','',50,'aventuroli3k','010-9148-8036',''),
(130,'Lari','F',53,'lhuckell3l','010-5336-5489','lpargeter3l@youtu.be'),
(131,'Urson','M',48,'uughi3m','010-7427-4873','ubuttriss3m@irs.gov'),
(132,'Peyter','',56,'pthunnerclef3n','010-3751-5831',''),
(133,'Oralla','',0,'','010-3702-0535',''),
(134,'Geri','M',29,'gnewton3p','010-5019-4575','gbenardette3p@amazon.de'),
(135,'Conan','M',42,'csquirrel3q','010-7870-5621','cwiddowes3q@europa.eu'),
(136,'Janel','',0,'','010-9222-9646',''),
(137,'Korie','F',55,'khebblethwaite3s','010-2852-4250','kbush3s@miitbeian.gov.cn'),
(138,'Nappie','M',18,'nbenneyworth3t','010-3769-9602','nleete3t@sohu.com'),
(139,'Bryn','',37,'bhachard3u','010-0014-0818',''),
(140,'Gardy','M',0,'','010-2028-7461','gdebrett3v@dropbox.com'),
(141,'Zahara','',17,'zhayball3w','010-1675-6267',''),
(142,'Dugald','M',52,'dennion3x','010-3878-9200','dgrimwood3x@cafepress.com'),
(143,'Cybill','',15,'cmercey3y','010-2485-3212',''),
(144,'Jesse','M',26,'jdelahunty3z','010-8299-5829','jgarmston3z@cbc.ca'),
(145,'Sylvan','',19,'stattersfield40','010-4777-7895',''),
(146,'Gallagher','',60,'gculshaw41','010-1516-9800',''),
(147,'Lorilee','F',58,'lfarnfield42','010-7052-8198','ljakubovics42@rediff.com'),
(148,'Ddene','F',52,'dfisby43','010-8479-8412','dloveard43@cbc.ca'),
(149,'Ruthy','F',17,'rrodenburgh44','010-3942-0310','rfairs44@elegantthemes.com'),
(150,'Hugues','M',44,'hdevine45','010-3994-3347','harnaldo45@ft.com'),
(151,'Hurley','',0,'','010-8340-1870',''),
(152,'Haleigh','F',29,'hcarberry47','010-1066-5139','hcurnick47@wiley.com'),
(153,'Claudius','M',61,'cludy48','010-4945-0539','cstockney48@who.int'),
(154,'Darryl','',27,'dlaise49','010-4977-0968',''),
(155,'Nicky','F',47,'nmaletratt4a','010-5700-8069','nwhitely4a@ftc.gov'),
(156,'Stanly','',20,'ssturdey4b','010-3684-1713',''),
(157,'Berget','F',0,'','010-0021-8198','bhudd4c@ebay.com'),
(158,'Tim','',23,'ttichner4d','010-8771-2749',''),
(159,'Gabbie','',65,'grubroe4e','010-2527-5414',''),
(160,'Collin','',24,'cscupham4f','010-1651-3236',''),
(161,'Brittan','F',61,'bflintoff4g','010-1059-2239','bklicher4g@rakuten.co.jp'),
(162,'Amory','M',63,'amarle4h','010-4947-0713','ayakutin4h@pcworld.com'),
(163,'Staford','M',44,'sjosse4i','010-7542-3323','sjohananov4i@jiathis.com'),
(164,'Katuscha','F',37,'kabbotson4j','010-5286-0448','kputtock4j@tiny.cc'),
(165,'Joshuah','M',34,'jnavarre4k','010-9086-2709','jsalerg4k@ow.ly'),
(166,'Norrie','',0,'','010-5295-3654',''),
(167,'Ward','',0,'','010-2064-2734',''),
(168,'Ewart','',27,'ecrawcour4n','010-3146-4542',''),
(169,'Zoe','F',31,'zdelacourt4o','010-5340-3754','zlapworth4o@360.cn'),
(170,'Nap','M',15,'nlennie4p','010-6087-7876','ningrem4p@umich.edu'),
(171,'Lacie','F',64,'lkalinke4q','010-5373-3175','ldidball4q@diigo.com'),
(172,'Carlota','F',0,'','010-4729-2859','cgleder4r@epa.gov'),
(173,'Tamra','F',47,'tmishaw4s','010-4077-7594','tbier4s@vkontakte.ru'),
(174,'Leese','',16,'lswiffin4t','010-6982-2062',''),
(175,'Duffie','M',0,'','010-2484-7341','dskells4u@psu.edu'),
(176,'Erinna','F',20,'efryers4v','010-0366-6486','ekrzyzaniak4v@senate.gov'),
(177,'De witt','M',31,'dpretorius4w','010-6578-5803','dstobbs4w@hatena.ne.jp'),
(178,'Luise','',53,'liohananof4x','010-6586-1150',''),
(179,'Leonelle','F',0,'','010-0300-1468','lbreckwell4y@youtu.be'),
(180,'Meyer','M',0,'','010-9014-2624','mbenoiton4z@prweb.com'),
(181,'Kylie','F',57,'kblumsom50','010-5692-6834','kdoxey50@tripadvisor.com'),
(182,'Sharron','F',25,'sguilloneau51','010-3466-1477','sgerckens51@tmall.com'),
(183,'Karoly','M',0,'','010-9030-9554','kbaukham52@ebay.com'),
(184,'Hurley','',43,'hfranzschoninger53','010-1430-7746',''),
(185,'Findley','M',23,'ffarington54','010-2988-0277','fwillingale54@wikipedia.org'),
(186,'Marybelle','',28,'mchapple55','010-5954-9055',''),
(187,'Vin','',17,'vbollans56','010-6293-9480',''),
(188,'Shannon','M',35,'sphilo57','010-9135-1551','seastgate57@scribd.com'),
(189,'Isa','F',51,'imagovern58','010-0412-2269','imarston58@liveinternet.ru'),
(190,'Raleigh','',0,'','010-7130-4841',''),
(191,'Phillipe','',20,'planghorne5a','010-5223-1713',''),
(192,'Saw','M',55,'ssharrock5b','010-3035-6424','smccullouch5b@reference.com'),
(193,'Guenevere','',34,'ggrisewood5c','010-6688-6881',''),
(194,'Isac','M',39,'iwhybray5d','010-6665-7161','imansell5d@bbc.co.uk'),
(195,'Robb','M',38,'rgreenan5e','010-9013-5329','rorable5e@kickstarter.com'),
(196,'Mindy','',46,'mosbourne5f','010-8622-9716',''),
(197,'Barth','',0,'','010-5771-9959',''),
(198,'Morna','F',60,'mhammerich5h','010-0636-7681','maldam5h@ox.ac.uk'),
(199,'Barbie','F',53,'bglenton5i','010-5380-4955','bbangham5i@etsy.com'),
(200,'Engelbert','',24,'eclegg5j','010-6201-7855','');
/*!40000 ALTER TABLE `customer` ENABLE KEYS */;
UNLOCK TABLES;

--
-- Table structure for table `emp`
--

DROP TABLE IF EXISTS `emp`;
/*!40101 SET @saved_cs_client     = @@character_set_client */;
/*!40101 SET character_set_client = utf8 */;
CREATE TABLE `emp` (
  `id` int(11) NOT NULL AUTO_INCREMENT,
  `name` varchar(20) NOT NULL,
  `start_date` date NOT NULL,
  `salary` varchar(20) NOT NULL,
  PRIMARY KEY (`id`)
) ENGINE=InnoDB AUTO_INCREMENT=31 DEFAULT CHARSET=utf8mb4;
/*!40101 SET character_set_client = @saved_cs_client */;

--
-- Dumping data for table `emp`
--

LOCK TABLES `emp` WRITE;
/*!40000 ALTER TABLE `emp` DISABLE KEYS */;
INSERT INTO `emp` VALUES
(1,'Haily','2020-03-05','472'),
(2,'Chrissy','2011-02-10','563'),
(3,'Alley','2020-01-01','313'),
(4,'Neall','2013-09-09','414'),
(5,'Nobe','2014-05-11','533'),
(6,'Faustina','2012-01-22','311'),
(7,'Husain','2018-10-31','483'),
(8,'Dena','2019-11-06','576'),
(9,'Pascale','2012-06-12','484'),
(10,'Wynn','2020-06-19','497'),
(11,'Artemas','2011-10-02','224'),
(12,'Christophorus','2016-08-25','559'),
(13,'Kamillah','2021-06-01','211'),
(14,'Peter','2020-10-16','242'),
(15,'Jaclyn','2011-02-10','366'),
(16,'Leontyne','2016-08-04','515'),
(17,'Basil','2018-06-04','522'),
(18,'Talbert','2011-11-11','532'),
(19,'Layla','2019-03-23','569'),
(20,'Georg','2011-09-21','257'),
(21,'Bartholomew','2020-09-20','469'),
(22,'Elyse','2021-08-05','439'),
(23,'Any','2020-01-31','359'),
(24,'Jack','2019-09-19','459'),
(25,'Sharline','2019-09-05','494'),
(26,'Patti','2021-06-27','589'),
(27,'Jyoti','2020-03-28','396'),
(28,'Grange','2019-12-18','309'),
(29,'Bab','2017-11-04','401'),
(30,'Merridie','2016-04-21','481');
/*!40000 ALTER TABLE `emp` ENABLE KEYS */;
UNLOCK TABLES;

--
-- Table structure for table `nutrition_info`
--

DROP TABLE IF EXISTS `nutrition_info`;
/*!40101 SET @saved_cs_client     = @@character_set_client */;
/*!40101 SET character_set_client = utf8 */;
CREATE TABLE `nutrition_info` (
  `beverage_id` int(11) NOT NULL,
  `kcal` int(11) DEFAULT NULL,
  `fat` int(11) DEFAULT NULL,
  `natrium` int(11) DEFAULT NULL,
  `sugar` int(11) DEFAULT NULL,
  `protein` int(11) DEFAULT NULL,
  `caffein` int(11) DEFAULT NULL,
  KEY `fk_beverage_id2` (`beverage_id`),
  CONSTRAINT `fk_beverage_id2` FOREIGN KEY (`beverage_id`) REFERENCES `beverage` (`id`)
) ENGINE=InnoDB DEFAULT CHARSET=utf8mb4;
/*!40101 SET character_set_client = @saved_cs_client */;

--
-- Dumping data for table `nutrition_info`
--

LOCK TABLES `nutrition_info` WRITE;
/*!40000 ALTER TABLE `nutrition_info` DISABLE KEYS */;
INSERT INTO `nutrition_info` VALUES
(1,105,9,180,88,16,191),
(2,223,7,148,68,12,199),
(3,201,17,152,80,17,161),
(4,79,6,142,55,9,122),
(5,334,15,118,86,14,36),
(6,471,9,118,78,4,184),
(7,444,20,75,84,6,188),
(8,414,20,31,71,1,152),
(9,98,4,144,86,19,196),
(10,135,19,198,21,2,186),
(11,96,15,135,84,6,71),
(12,295,15,167,69,6,185),
(13,179,5,116,90,11,42),
(14,260,10,188,8,14,115),
(15,305,7,97,90,11,77),
(16,140,2,82,48,19,28),
(17,105,9,76,17,3,151),
(18,360,10,187,44,1,79),
(19,311,8,59,62,13,2),
(20,103,2,56,18,7,122);
/*!40000 ALTER TABLE `nutrition_info` ENABLE KEYS */;
UNLOCK TABLES;

--
-- Table structure for table `ord`
--

DROP TABLE IF EXISTS `ord`;
/*!40101 SET @saved_cs_client     = @@character_set_client */;
/*!40101 SET character_set_client = utf8 */;
CREATE TABLE `ord` (
  `id` int(11) NOT NULL AUTO_INCREMENT,
  `customer_id` int(11) NOT NULL,
  `date_ordered` datetime DEFAULT NULL,
  `total_price` int(11) NOT NULL,
  `beverage_id` int(11) NOT NULL,
  `beverage_cnt` int(11) NOT NULL,
  `emp_id` int(11) NOT NULL,
  PRIMARY KEY (`id`),
  KEY `fk_customer_id` (`customer_id`),
  KEY `fk_beverage_id` (`beverage_id`),
  KEY `fk_emp_id` (`emp_id`),
  CONSTRAINT `fk_beverage_id` FOREIGN KEY (`beverage_id`) REFERENCES `beverage` (`id`),
  CONSTRAINT `fk_customer_id` FOREIGN KEY (`customer_id`) REFERENCES `customer` (`id`),
  CONSTRAINT `fk_emp_id` FOREIGN KEY (`emp_id`) REFERENCES `emp` (`id`)
) ENGINE=InnoDB AUTO_INCREMENT=501 DEFAULT CHARSET=utf8mb4;
/*!40101 SET character_set_client = @saved_cs_client */;

--
-- Dumping data for table `ord`
--

LOCK TABLES `ord` WRITE;
/*!40000 ALTER TABLE `ord` DISABLE KEYS */;
INSERT INTO `ord` VALUES
(1,29,'2022-12-06 01:34:00',10500,12,3,17),
(2,26,'2022-12-08 23:19:00',6500,1,1,9),
(3,71,'2022-12-08 23:30:00',18000,13,3,30),
(4,104,'2022-12-08 19:27:00',13500,2,3,1),
(5,177,'2022-12-07 13:07:00',8000,6,2,4),
(6,142,'2022-12-06 21:04:00',10500,3,3,26),
(7,173,'2022-12-06 12:12:00',12000,8,3,12),
(8,66,'2022-12-08 14:36:00',13000,4,2,6),
(9,192,'2022-12-06 11:02:00',4500,17,1,21),
(10,110,'2022-12-06 12:11:00',9000,17,2,13),
(11,87,'2022-12-06 23:36:00',4500,5,1,29),
(12,69,'2022-12-06 01:22:00',4500,7,1,28),
(13,145,'2022-12-06 06:54:00',13500,19,3,5),
(14,197,'2022-12-06 07:53:00',9000,20,2,11),
(15,33,'2022-12-09 08:40:00',5000,9,1,3),
(16,136,'2022-12-07 18:05:00',15000,14,3,10),
(17,24,'2022-12-08 17:52:00',3000,10,1,16),
(18,133,'2022-12-09 12:37:00',8000,11,2,23),
(19,118,'2022-12-06 20:48:00',6000,15,1,2),
(20,122,'2022-12-06 13:36:00',12000,18,2,14),
(21,165,'2022-12-07 22:33:00',4000,16,1,7),
(22,38,'2022-12-07 00:49:00',15000,14,3,20),
(23,41,'2022-12-09 15:55:00',9000,2,2,27),
(24,117,'2022-12-08 00:19:00',5000,9,1,8),
(25,193,'2022-12-09 05:54:00',3000,10,1,22),
(26,49,'2022-12-09 16:50:00',12000,15,2,11),
(27,80,'2022-12-09 21:24:00',3500,3,1,23),
(28,14,'2022-12-07 18:51:00',8000,6,2,5),
(29,98,'2022-12-07 23:24:00',13000,4,2,16),
(30,141,'2022-12-06 20:14:00',6000,10,2,2),
(31,79,'2022-12-06 10:13:00',4500,19,1,21),
(32,84,'2022-12-07 11:54:00',19500,1,3,3),
(33,20,'2022-12-07 05:04:00',9000,2,2,24),
(34,120,'2022-12-08 19:37:00',4500,7,1,27),
(35,124,'2022-12-06 11:06:00',12000,16,3,10),
(36,159,'2022-12-08 06:22:00',6000,13,1,29),
(37,5,'2022-12-07 04:45:00',18000,18,3,22),
(38,122,'2022-12-08 18:14:00',10500,12,3,12),
(39,99,'2022-12-08 13:11:00',4500,5,1,20),
(40,53,'2022-12-08 12:40:00',5000,9,1,18),
(41,59,'2022-12-08 18:43:00',12000,11,3,19),
(42,149,'2022-12-07 14:03:00',4500,20,1,7),
(43,19,'2022-12-06 08:13:00',8000,8,2,13),
(44,28,'2022-12-08 13:00:00',5000,14,1,14),
(45,87,'2022-12-07 01:35:00',13500,17,3,15),
(46,164,'2022-12-08 09:48:00',9000,5,2,4),
(47,192,'2022-12-06 23:48:00',5000,9,1,17),
(48,42,'2022-12-09 12:51:00',6500,4,1,30),
(49,184,'2022-12-06 21:24:00',15000,14,3,26),
(50,126,'2022-12-07 09:31:00',9000,7,2,1),
(51,76,'2022-12-07 10:25:00',3500,12,1,29),
(52,99,'2022-12-09 21:51:00',15000,14,3,18),
(53,43,'2022-12-07 13:45:00',4500,2,1,4),
(54,54,'2022-12-07 21:55:00',6000,18,1,9),
(55,186,'2022-12-08 18:52:00',7000,3,2,16),
(56,176,'2022-12-07 16:31:00',13000,1,2,25),
(57,200,'2022-12-07 01:52:00',4000,6,1,21),
(58,159,'2022-12-08 12:06:00',4000,8,1,17),
(59,32,'2022-12-06 12:27:00',3000,10,1,13),
(60,194,'2022-12-09 16:24:00',18000,15,3,19),
(61,63,'2022-12-06 21:49:00',6500,4,1,7),
(62,139,'2022-12-08 19:19:00',4500,7,1,14),
(63,59,'2022-12-06 12:02:00',12000,13,2,5),
(64,80,'2022-12-07 17:32:00',4000,11,1,26),
(65,11,'2022-12-07 17:55:00',10000,9,2,30),
(66,34,'2022-12-08 08:48:00',4500,5,1,3),
(67,125,'2022-12-08 18:17:00',12000,16,3,22),
(68,107,'2022-12-08 03:55:00',9000,20,2,28),
(69,36,'2022-12-09 19:51:00',13500,19,3,6),
(70,127,'2022-12-09 18:44:00',9000,17,2,10),
(71,47,'2022-12-09 09:07:00',4000,16,1,15),
(72,19,'2022-12-09 23:31:00',13500,5,3,12),
(73,29,'2022-12-06 19:58:00',3500,12,1,23),
(74,153,'2022-12-06 06:46:00',9000,10,3,1),
(75,197,'2022-12-09 21:26:00',10500,3,3,24),
(76,116,'2022-12-09 14:02:00',13500,2,3,27),
(77,177,'2022-12-09 10:41:00',19500,1,3,1),
(78,86,'2022-12-08 12:11:00',18000,18,3,22),
(79,93,'2022-12-06 00:32:00',9000,5,2,23),
(80,148,'2022-12-09 15:38:00',12000,16,3,21),
(81,7,'2022-12-07 15:55:00',18000,15,3,19),
(82,142,'2022-12-09 02:56:00',4000,11,1,28),
(83,182,'2022-12-06 11:07:00',7000,12,2,4),
(84,122,'2022-12-06 03:01:00',10000,9,2,15),
(85,112,'2022-12-06 10:49:00',6500,4,1,24),
(86,151,'2022-12-09 10:10:00',12000,13,2,3),
(87,109,'2022-12-09 01:59:00',13500,7,3,13),
(88,166,'2022-12-09 01:44:00',9000,19,2,12),
(89,71,'2022-12-08 18:25:00',3000,10,1,9),
(90,179,'2022-12-08 03:59:00',13500,20,3,14),
(91,137,'2022-12-08 05:25:00',8000,6,2,10),
(92,30,'2022-12-08 16:38:00',9000,17,2,18),
(93,189,'2022-12-09 04:57:00',7000,3,2,16),
(94,53,'2022-12-07 12:53:00',5000,14,1,5),
(95,62,'2022-12-06 15:18:00',8000,8,2,2),
(96,123,'2022-12-08 03:23:00',9000,5,2,7),
(97,9,'2022-12-06 10:03:00',3000,10,1,30),
(98,171,'2022-12-09 06:37:00',6000,13,1,17),
(99,17,'2022-12-09 23:51:00',4500,20,1,20),
(100,89,'2022-12-09 22:10:00',12000,11,3,25),
(101,61,'2022-12-06 07:58:00',12000,15,2,12),
(102,55,'2022-12-06 13:01:00',9000,5,2,28),
(103,22,'2022-12-07 05:48:00',18000,18,3,5),
(104,105,'2022-12-09 14:08:00',15000,14,3,11),
(105,14,'2022-12-08 22:54:00',13500,19,3,26),
(106,81,'2022-12-08 13:43:00',8000,11,2,25),
(107,194,'2022-12-09 22:27:00',3500,12,1,27),
(108,178,'2022-12-08 21:57:00',6500,1,1,4),
(109,120,'2022-12-07 11:17:00',19500,4,3,10),
(110,70,'2022-12-08 06:53:00',12000,13,2,24),
(111,25,'2022-12-06 08:16:00',12000,8,3,19),
(112,195,'2022-12-07 14:32:00',12000,6,3,2),
(113,196,'2022-12-06 23:44:00',10500,3,3,8),
(114,189,'2022-12-06 15:14:00',3000,10,1,17),
(115,93,'2022-12-08 00:55:00',4500,20,1,6),
(116,146,'2022-12-07 02:33:00',8000,16,2,13),
(117,133,'2022-12-09 03:31:00',15000,9,3,1),
(118,115,'2022-12-06 09:55:00',9000,17,2,20),
(119,168,'2022-12-06 11:25:00',9000,2,2,7),
(120,130,'2022-12-09 18:57:00',9000,7,2,16),
(121,80,'2022-12-09 12:21:00',12000,16,3,30),
(122,174,'2022-12-09 04:19:00',19500,1,3,23),
(123,188,'2022-12-08 02:39:00',3500,12,1,3),
(124,44,'2022-12-07 21:00:00',6000,15,1,22),
(125,62,'2022-12-06 08:20:00',9000,2,2,9),
(126,159,'2022-12-06 04:01:00',8000,11,2,16),
(127,197,'2022-12-06 11:15:00',13500,7,3,26),
(128,95,'2022-12-07 02:26:00',4500,2,1,9),
(129,158,'2022-12-09 20:14:00',9000,5,2,29),
(130,181,'2022-12-06 14:36:00',10500,3,3,18),
(131,94,'2022-12-07 06:29:00',5000,14,1,24),
(132,10,'2022-12-09 11:16:00',8000,6,2,30),
(133,142,'2022-12-08 00:05:00',6000,13,1,12),
(134,49,'2022-12-08 16:10:00',12000,16,3,1),
(135,69,'2022-12-06 14:00:00',13500,17,3,2),
(136,8,'2022-12-07 15:51:00',4000,8,1,5),
(137,165,'2022-12-07 04:05:00',4500,20,1,28),
(138,3,'2022-12-09 16:57:00',6000,18,1,10),
(139,38,'2022-12-07 14:26:00',6500,1,1,14),
(140,116,'2022-12-07 11:24:00',19500,4,3,4),
(141,39,'2022-12-08 22:35:00',3000,10,1,8),
(142,140,'2022-12-06 11:18:00',15000,9,3,6),
(143,100,'2022-12-09 17:00:00',12000,15,2,3),
(144,141,'2022-12-08 12:37:00',7000,12,2,19),
(145,36,'2022-12-06 20:25:00',13500,19,3,17),
(146,112,'2022-12-06 14:56:00',3500,12,1,27),
(147,44,'2022-12-08 02:17:00',5000,14,1,21),
(148,72,'2022-12-07 10:42:00',4500,19,1,25),
(149,157,'2022-12-06 04:25:00',18000,15,3,7),
(150,143,'2022-12-07 14:40:00',13000,4,2,20),
(151,26,'2022-12-09 01:06:00',7000,12,2,29),
(152,54,'2022-12-06 05:14:00',6000,10,2,1),
(153,32,'2022-12-08 06:01:00',18000,18,3,7),
(154,46,'2022-12-08 07:04:00',8000,16,2,21),
(155,194,'2022-12-09 23:53:00',18000,13,3,11),
(156,119,'2022-12-09 03:57:00',12000,6,3,16),
(157,181,'2022-12-07 02:30:00',13500,2,3,25),
(158,144,'2022-12-09 15:49:00',9000,7,2,2),
(159,188,'2022-12-06 08:51:00',12000,11,3,12),
(160,57,'2022-12-07 23:46:00',12000,15,2,26),
(161,53,'2022-12-06 00:21:00',10500,3,3,15),
(162,50,'2022-12-08 12:27:00',5000,9,1,13),
(163,29,'2022-12-06 21:15:00',4500,17,1,23),
(164,110,'2022-12-07 16:17:00',13000,4,2,6),
(165,2,'2022-12-08 15:36:00',4500,5,1,3),
(166,126,'2022-12-06 09:17:00',8000,8,2,5),
(167,157,'2022-12-07 15:43:00',19500,1,3,19),
(168,139,'2022-12-07 23:58:00',10000,14,2,14),
(169,197,'2022-12-09 13:16:00',13500,20,3,20),
(170,191,'2022-12-06 11:53:00',9000,19,2,4),
(171,151,'2022-12-09 01:02:00',4500,5,1,24),
(172,24,'2022-12-07 01:03:00',8000,16,2,10),
(173,69,'2022-12-07 21:44:00',12000,13,2,8),
(174,25,'2022-12-09 14:36:00',10500,3,3,30),
(175,154,'2022-12-09 03:18:00',15000,14,3,27),
(176,33,'2022-12-08 23:28:00',12000,11,3,25),
(177,78,'2022-12-08 10:22:00',4500,20,1,23),
(178,83,'2022-12-09 13:48:00',4500,5,1,8),
(179,106,'2022-12-09 02:58:00',4000,16,1,18),
(180,154,'2022-12-06 21:36:00',9000,10,3,4),
(181,129,'2022-12-09 20:31:00',19500,1,3,7),
(182,29,'2022-12-07 06:16:00',6000,13,1,6),
(183,25,'2022-12-09 04:43:00',7000,12,2,29),
(184,58,'2022-12-07 23:16:00',6000,18,1,13),
(185,153,'2022-12-08 22:50:00',10500,3,3,26),
(186,104,'2022-12-06 00:36:00',13500,7,3,27),
(187,84,'2022-12-07 09:05:00',4000,8,1,11),
(188,186,'2022-12-09 19:15:00',19500,4,3,30),
(189,13,'2022-12-09 00:33:00',8000,6,2,20),
(190,66,'2022-12-09 07:16:00',13500,19,3,21),
(191,43,'2022-12-07 09:01:00',13500,2,3,28),
(192,99,'2022-12-06 05:17:00',10000,14,2,9),
(193,165,'2022-12-06 04:27:00',6000,15,1,22),
(194,199,'2022-12-08 04:00:00',10000,9,2,10),
(195,20,'2022-12-06 06:58:00',13500,17,3,3),
(196,9,'2022-12-08 21:45:00',18000,13,3,24),
(197,103,'2022-12-08 15:21:00',12000,8,3,16),
(198,162,'2022-12-09 17:35:00',18000,15,3,14),
(199,139,'2022-12-09 19:05:00',9000,19,2,15),
(200,179,'2022-12-08 00:36:00',5000,14,1,2),
(201,186,'2022-12-07 23:06:00',9000,7,2,18),
(202,181,'2022-12-08 11:04:00',8000,6,2,14),
(203,14,'2022-12-06 07:37:00',18000,15,3,5),
(204,25,'2022-12-09 17:07:00',13000,1,2,12),
(205,127,'2022-12-09 16:16:00',13500,2,3,24),
(206,102,'2022-12-09 21:19:00',13500,17,3,9),
(207,118,'2022-12-08 09:49:00',7000,12,2,11),
(208,145,'2022-12-09 23:23:00',12000,8,3,17),
(209,42,'2022-12-07 07:03:00',9000,19,2,6),
(210,91,'2022-12-09 05:06:00',3000,10,1,15),
(211,39,'2022-12-09 00:55:00',7000,3,2,1),
(212,177,'2022-12-09 05:20:00',12000,11,3,30),
(213,31,'2022-12-08 21:21:00',12000,13,2,7),
(214,196,'2022-12-08 00:46:00',13500,5,3,3),
(215,147,'2022-12-06 01:50:00',12000,18,2,16),
(216,40,'2022-12-08 05:42:00',5000,9,1,25),
(217,175,'2022-12-08 19:44:00',10000,14,2,22),
(218,51,'2022-12-07 23:32:00',9000,20,2,13),
(219,69,'2022-12-06 21:18:00',12000,16,3,21),
(220,167,'2022-12-06 03:35:00',13000,4,2,28),
(221,83,'2022-12-06 04:48:00',13000,1,2,19),
(222,34,'2022-12-07 10:41:00',12000,16,3,26),
(223,67,'2022-12-08 05:48:00',8000,6,2,20),
(224,71,'2022-12-09 17:59:00',5000,9,1,2),
(225,73,'2022-12-06 12:49:00',13500,2,3,4),
(226,142,'2022-12-07 01:12:00',4500,5,1,12),
(227,117,'2022-12-09 22:51:00',9000,20,2,13),
(228,62,'2022-12-09 10:07:00',6500,4,1,25),
(229,68,'2022-12-07 11:25:00',13500,17,3,4),
(230,105,'2022-12-06 02:50:00',10000,9,2,17),
(231,32,'2022-12-07 17:08:00',9000,10,3,11),
(232,132,'2022-12-08 05:04:00',4000,16,1,3),
(233,192,'2022-12-06 07:13:00',18000,15,3,30),
(234,93,'2022-12-06 01:19:00',12000,11,3,27),
(235,57,'2022-12-08 08:18:00',7000,3,2,10),
(236,153,'2022-12-09 05:22:00',8000,8,2,14),
(237,7,'2022-12-07 07:26:00',7000,12,2,19),
(238,145,'2022-12-06 06:59:00',13000,1,2,6),
(239,40,'2022-12-08 04:54:00',6000,13,1,29),
(240,12,'2022-12-09 22:25:00',13500,7,3,1),
(241,198,'2022-12-08 13:26:00',9000,2,2,23),
(242,19,'2022-12-09 18:04:00',4000,6,1,21),
(243,189,'2022-12-07 09:14:00',13500,19,3,5),
(244,185,'2022-12-09 04:19:00',6000,18,1,7),
(245,190,'2022-12-09 12:13:00',10000,14,2,20),
(246,182,'2022-12-08 15:07:00',6000,13,1,8),
(247,130,'2022-12-06 09:47:00',8000,8,2,24),
(248,158,'2022-12-09 08:17:00',4500,19,1,22),
(249,121,'2022-12-06 05:25:00',15000,9,3,16),
(250,169,'2022-12-08 16:40:00',12000,11,3,2),
(251,128,'2022-12-07 08:31:00',6000,10,2,17),
(252,14,'2022-12-08 16:32:00',13500,5,3,10),
(253,52,'2022-12-08 23:18:00',4500,20,1,23),
(254,81,'2022-12-09 17:08:00',19500,1,3,15),
(255,136,'2022-12-09 11:24:00',9000,19,2,30),
(256,57,'2022-12-08 01:40:00',5000,14,1,19),
(257,163,'2022-12-06 09:12:00',12000,16,3,6),
(258,125,'2022-12-09 00:07:00',9000,7,2,4),
(259,153,'2022-12-08 08:36:00',4500,17,1,26),
(260,108,'2022-12-08 00:06:00',3500,12,1,28),
(261,115,'2022-12-06 12:48:00',8000,8,2,25),
(262,33,'2022-12-07 04:59:00',6000,18,1,16),
(263,7,'2022-12-07 22:41:00',12000,11,3,20),
(264,124,'2022-12-06 09:57:00',4000,6,1,18),
(265,28,'2022-12-07 13:08:00',13000,4,2,21),
(266,48,'2022-12-06 07:50:00',18000,15,3,12),
(267,181,'2022-12-09 07:10:00',18000,13,3,29),
(268,98,'2022-12-06 19:22:00',15000,9,3,1),
(269,35,'2022-12-06 17:09:00',3500,3,1,11),
(270,195,'2022-12-07 08:58:00',13500,2,3,8),
(271,112,'2022-12-08 04:07:00',13500,5,3,3),
(272,139,'2022-12-09 10:29:00',12000,6,3,27),
(273,142,'2022-12-06 07:30:00',9000,17,2,22),
(274,141,'2022-12-06 13:53:00',10000,14,2,2),
(275,22,'2022-12-09 01:12:00',18000,18,3,5),
(276,142,'2022-12-09 08:07:00',12000,18,2,4),
(277,78,'2022-12-09 01:17:00',19500,4,3,13),
(278,116,'2022-12-06 01:07:00',8000,6,2,23),
(279,157,'2022-12-09 16:40:00',15000,9,3,27),
(280,166,'2022-12-06 19:39:00',9000,2,2,21),
(281,151,'2022-12-09 05:06:00',12000,11,3,5),
(282,28,'2022-12-06 21:08:00',9000,20,2,16),
(283,30,'2022-12-09 11:12:00',4500,19,1,29),
(284,68,'2022-12-06 00:42:00',4500,7,1,12),
(285,156,'2022-12-06 02:59:00',5000,14,1,18),
(286,197,'2022-12-09 13:54:00',4500,5,1,11),
(287,196,'2022-12-07 00:10:00',18000,13,3,2),
(288,153,'2022-12-08 08:17:00',4000,16,1,3),
(289,140,'2022-12-08 13:49:00',19500,1,3,25),
(290,186,'2022-12-06 14:54:00',6000,10,2,24),
(291,35,'2022-12-08 01:38:00',4500,17,1,20),
(292,41,'2022-12-08 12:33:00',7000,12,2,14),
(293,177,'2022-12-06 17:46:00',12000,15,2,22),
(294,190,'2022-12-08 00:02:00',3500,3,1,1),
(295,179,'2022-12-09 18:01:00',8000,8,2,19),
(296,154,'2022-12-07 14:06:00',4500,5,1,17),
(297,51,'2022-12-07 07:26:00',12000,8,3,9),
(298,71,'2022-12-08 03:43:00',15000,9,3,28),
(299,109,'2022-12-07 19:02:00',13500,19,3,30),
(300,117,'2022-12-06 07:58:00',9000,17,2,15),
(301,23,'2022-12-08 05:00:00',18000,15,3,6),
(302,18,'2022-12-09 13:16:00',8000,11,2,30),
(303,152,'2022-12-06 09:39:00',7000,3,2,27),
(304,14,'2022-12-09 22:43:00',6000,13,1,24),
(305,82,'2022-12-06 16:11:00',4000,8,1,22),
(306,168,'2022-12-08 23:01:00',4500,7,1,7),
(307,80,'2022-12-07 15:04:00',6000,10,2,8),
(308,91,'2022-12-08 08:04:00',4500,19,1,28),
(309,148,'2022-12-09 03:44:00',6000,18,1,13),
(310,9,'2022-12-08 12:26:00',6500,4,1,21),
(311,162,'2022-12-07 03:28:00',4500,5,1,11),
(312,58,'2022-12-06 15:53:00',4500,20,1,5),
(313,110,'2022-12-09 21:49:00',13500,2,3,2),
(314,181,'2022-12-07 11:50:00',7000,12,2,25),
(315,7,'2022-12-07 05:05:00',6500,1,1,15),
(316,54,'2022-12-08 18:18:00',4000,6,1,18),
(317,78,'2022-12-06 08:01:00',4000,16,1,14),
(318,185,'2022-12-06 08:00:00',15000,9,3,9),
(319,190,'2022-12-08 07:01:00',13500,17,3,19),
(320,47,'2022-12-06 03:20:00',10000,14,2,17),
(321,106,'2022-12-06 08:34:00',15000,14,3,26),
(322,90,'2022-12-07 23:45:00',12000,15,2,4),
(323,138,'2022-12-09 10:29:00',4000,8,1,16),
(324,57,'2022-12-09 20:52:00',10500,12,3,3),
(325,3,'2022-12-08 07:14:00',13500,20,3,29),
(326,86,'2022-12-07 13:36:00',7000,3,2,5),
(327,196,'2022-12-09 19:27:00',8000,16,2,8),
(328,34,'2022-12-07 23:30:00',6000,18,1,29),
(329,176,'2022-12-06 19:30:00',4000,8,1,13),
(330,7,'2022-12-08 18:10:00',13000,1,2,19),
(331,165,'2022-12-08 11:39:00',12000,6,3,15),
(332,15,'2022-12-08 22:48:00',9000,19,2,6),
(333,174,'2022-12-07 23:26:00',10000,9,2,21),
(334,1,'2022-12-09 05:00:00',9000,7,2,1),
(335,51,'2022-12-07 15:07:00',10500,12,3,3),
(336,88,'2022-12-09 22:33:00',12000,11,3,12),
(337,132,'2022-12-07 17:22:00',13500,2,3,2),
(338,161,'2022-12-09 10:39:00',3000,10,1,7),
(339,17,'2022-12-08 15:36:00',10000,14,2,14),
(340,68,'2022-12-09 04:21:00',12000,13,2,4),
(341,99,'2022-12-07 09:26:00',18000,15,3,20),
(342,101,'2022-12-07 05:01:00',9000,5,2,17),
(343,55,'2022-12-08 10:20:00',13500,17,3,25),
(344,172,'2022-12-08 17:43:00',13500,20,3,23),
(345,155,'2022-12-06 00:23:00',19500,4,3,18),
(346,194,'2022-12-07 13:01:00',4500,2,1,24),
(347,58,'2022-12-08 23:14:00',8000,8,2,28),
(348,152,'2022-12-07 12:32:00',6000,18,1,16),
(349,195,'2022-12-08 07:59:00',9000,17,2,27),
(350,72,'2022-12-08 21:03:00',6000,10,2,22),
(351,93,'2022-12-07 11:50:00',7000,3,2,25),
(352,79,'2022-12-07 08:48:00',6500,1,1,15),
(353,8,'2022-12-07 17:05:00',10000,9,2,27),
(354,35,'2022-12-09 16:47:00',10500,12,3,23),
(355,131,'2022-12-06 15:57:00',6000,15,1,18),
(356,122,'2022-12-06 20:53:00',15000,14,3,26),
(357,62,'2022-12-07 19:47:00',6000,10,2,30),
(358,83,'2022-12-06 10:00:00',4500,5,1,28),
(359,74,'2022-12-09 08:51:00',13500,19,3,13),
(360,76,'2022-12-08 14:13:00',9000,20,2,11),
(361,100,'2022-12-06 21:06:00',4000,6,1,5),
(362,58,'2022-12-08 08:03:00',4500,17,1,22),
(363,151,'2022-12-08 05:53:00',8000,8,2,8),
(364,113,'2022-12-07 03:58:00',12000,18,2,7),
(365,28,'2022-12-06 02:00:00',4500,2,1,4),
(366,164,'2022-12-07 01:10:00',13500,7,3,16),
(367,9,'2022-12-07 03:53:00',6000,13,1,19),
(368,71,'2022-12-06 21:22:00',4000,11,1,2),
(369,21,'2022-12-06 22:50:00',13000,4,2,20),
(370,13,'2022-12-08 14:10:00',12000,16,3,10),
(371,145,'2022-12-09 23:16:00',3500,3,1,9),
(372,56,'2022-12-07 14:10:00',6000,18,1,6),
(373,99,'2022-12-08 11:17:00',9000,2,2,29),
(374,190,'2022-12-08 05:39:00',3000,10,1,3),
(375,161,'2022-12-07 08:50:00',4500,5,1,17),
(376,131,'2022-12-08 04:26:00',12000,13,2,9),
(377,4,'2022-12-09 21:51:00',10000,9,2,23),
(378,49,'2022-12-08 20:44:00',10500,3,3,24),
(379,108,'2022-12-06 20:23:00',4500,20,1,15),
(380,81,'2022-12-09 14:56:00',12000,18,2,11),
(381,178,'2022-12-07 19:31:00',12000,15,2,14),
(382,68,'2022-12-08 22:18:00',13500,2,3,17),
(383,28,'2022-12-07 17:46:00',12000,16,3,20),
(384,180,'2022-12-08 00:22:00',13000,1,2,7),
(385,44,'2022-12-06 15:21:00',9000,19,2,28),
(386,200,'2022-12-07 08:05:00',9000,5,2,19),
(387,40,'2022-12-06 14:38:00',4000,8,1,25),
(388,82,'2022-12-09 21:02:00',13500,7,3,26),
(389,184,'2022-12-07 21:59:00',15000,14,3,13),
(390,20,'2022-12-09 10:47:00',13500,17,3,12),
(391,43,'2022-12-09 18:54:00',9000,10,3,30),
(392,144,'2022-12-08 00:25:00',4000,6,1,18),
(393,93,'2022-12-06 15:35:00',7000,12,2,5),
(394,64,'2022-12-06 16:05:00',12000,11,3,27),
(395,17,'2022-12-07 22:49:00',6500,4,1,2),
(396,56,'2022-12-07 17:57:00',5000,14,1,1),
(397,157,'2022-12-08 10:38:00',8000,8,2,6),
(398,193,'2022-12-09 23:19:00',9000,2,2,22),
(399,25,'2022-12-08 09:07:00',12000,11,3,8),
(400,87,'2022-12-07 11:08:00',3000,10,1,4),
(401,128,'2022-12-09 14:00:00',9000,20,2,9),
(402,64,'2022-12-07 09:59:00',13000,4,2,8),
(403,140,'2022-12-06 05:24:00',6500,1,1,7),
(404,135,'2022-12-08 12:10:00',7000,12,2,23),
(405,24,'2022-12-09 02:06:00',8000,8,2,19),
(406,22,'2022-12-07 14:06:00',9000,7,2,6),
(407,40,'2022-12-06 17:08:00',5000,9,1,13),
(408,87,'2022-12-08 15:38:00',13500,19,3,28),
(409,80,'2022-12-07 01:07:00',10500,3,3,17),
(410,136,'2022-12-07 00:41:00',18000,15,3,12),
(411,97,'2022-12-07 19:55:00',8000,11,2,10),
(412,155,'2022-12-06 14:18:00',3000,10,1,25),
(413,157,'2022-12-06 17:13:00',8000,6,2,1),
(414,131,'2022-12-06 03:28:00',8000,16,2,5),
(415,185,'2022-12-07 00:32:00',4500,2,1,2),
(416,126,'2022-12-09 19:11:00',13500,17,3,30),
(417,20,'2022-12-06 02:10:00',6000,18,1,16),
(418,60,'2022-12-09 11:41:00',13500,5,3,29),
(419,198,'2022-12-09 20:25:00',18000,13,3,4),
(420,71,'2022-12-08 07:55:00',5000,14,1,24),
(421,138,'2022-12-07 07:34:00',6000,10,2,15),
(422,30,'2022-12-06 21:42:00',15000,9,3,11),
(423,70,'2022-12-07 03:49:00',4500,7,1,26),
(424,122,'2022-12-08 13:31:00',19500,1,3,18),
(425,179,'2022-12-07 17:07:00',9000,2,2,14),
(426,79,'2022-12-08 02:32:00',4000,11,1,19),
(427,83,'2022-12-06 21:27:00',5000,9,1,30),
(428,32,'2022-12-09 16:18:00',4500,5,1,8),
(429,48,'2022-12-07 15:44:00',10500,12,3,18),
(430,151,'2022-12-08 09:54:00',13500,20,3,15),
(431,31,'2022-12-09 13:58:00',4500,2,1,14),
(432,159,'2022-12-06 20:22:00',12000,8,3,27),
(433,168,'2022-12-07 08:45:00',3000,10,1,5),
(434,98,'2022-12-09 03:32:00',12000,18,2,26),
(435,11,'2022-12-06 07:11:00',18000,15,3,23),
(436,155,'2022-12-09 18:59:00',8000,16,2,9),
(437,84,'2022-12-08 06:28:00',19500,1,3,21),
(438,58,'2022-12-06 00:00:00',9000,19,2,3),
(439,166,'2022-12-09 07:01:00',8000,6,2,7),
(440,127,'2022-12-06 00:58:00',10500,3,3,12),
(441,5,'2022-12-07 20:23:00',5000,14,1,1),
(442,105,'2022-12-09 23:37:00',4500,7,1,11),
(443,171,'2022-12-07 06:35:00',6500,4,1,17),
(444,91,'2022-12-09 08:29:00',9000,17,2,13),
(445,113,'2022-12-07 04:30:00',18000,13,3,4),
(446,106,'2022-12-07 04:45:00',6500,1,1,20),
(447,99,'2022-12-06 17:43:00',12000,18,2,6),
(448,40,'2022-12-07 05:50:00',9000,20,2,16),
(449,26,'2022-12-07 16:17:00',15000,14,3,25),
(450,114,'2022-12-07 09:17:00',13500,2,3,24),
(451,124,'2022-12-09 08:54:00',4000,6,1,21),
(452,140,'2022-12-09 21:00:00',12000,16,3,12),
(453,66,'2022-12-06 18:31:00',13500,20,3,20),
(454,93,'2022-12-08 11:28:00',3500,12,1,1),
(455,161,'2022-12-09 03:54:00',18000,13,3,15),
(456,82,'2022-12-06 21:23:00',4000,8,1,5),
(457,110,'2022-12-06 11:19:00',13500,5,3,6),
(458,166,'2022-12-08 18:22:00',6000,18,1,27),
(459,114,'2022-12-06 09:05:00',13500,17,3,16),
(460,176,'2022-12-07 11:02:00',4500,7,1,30),
(461,189,'2022-12-09 03:29:00',6500,4,1,9),
(462,7,'2022-12-09 23:56:00',13000,1,2,13),
(463,88,'2022-12-08 05:11:00',9000,10,3,14),
(464,139,'2022-12-07 13:05:00',4000,11,1,7),
(465,18,'2022-12-08 14:24:00',18000,15,3,4),
(466,143,'2022-12-07 05:41:00',13500,2,3,8),
(467,200,'2022-12-08 09:02:00',10500,3,3,24),
(468,38,'2022-12-06 17:22:00',5000,9,1,26),
(469,22,'2022-12-07 05:01:00',5000,14,1,2),
(470,147,'2022-12-09 15:48:00',13500,19,3,17),
(471,101,'2022-12-09 10:40:00',8000,16,2,11),
(472,175,'2022-12-06 07:12:00',9000,2,2,3),
(473,123,'2022-12-06 18:24:00',12000,8,3,19),
(474,64,'2022-12-06 23:28:00',15000,9,3,18),
(475,26,'2022-12-07 20:40:00',4500,20,1,25),
(476,144,'2022-12-09 12:47:00',6500,4,1,25),
(477,187,'2022-12-08 05:39:00',5000,14,1,9),
(478,141,'2022-12-06 20:10:00',8000,16,2,10),
(479,43,'2022-12-08 04:56:00',6500,1,1,17),
(480,102,'2022-12-08 14:42:00',8000,11,2,11),
(481,65,'2022-12-06 08:53:00',7000,12,2,29),
(482,82,'2022-12-06 06:29:00',4000,6,1,22),
(483,184,'2022-12-09 02:48:00',13500,17,3,8),
(484,147,'2022-12-09 05:04:00',12000,18,2,26),
(485,72,'2022-12-09 08:26:00',4500,5,1,27),
(486,122,'2022-12-09 12:06:00',4000,8,1,23),
(487,194,'2022-12-06 23:03:00',6000,13,1,5),
(488,165,'2022-12-08 19:11:00',3500,3,1,6),
(489,85,'2022-12-08 23:40:00',4500,7,1,14),
(490,57,'2022-12-06 10:26:00',10000,9,2,24),
(491,140,'2022-12-09 06:48:00',12000,15,2,13),
(492,47,'2022-12-06 16:09:00',4500,2,1,12),
(493,142,'2022-12-06 12:49:00',4500,19,1,1),
(494,135,'2022-12-07 16:10:00',13500,20,3,20),
(495,175,'2022-12-07 07:36:00',3000,10,1,16),
(496,163,'2022-12-07 12:38:00',15000,14,3,21),
(497,76,'2022-12-08 15:00:00',6000,15,1,15),
(498,84,'2022-12-07 01:48:00',13500,2,3,7),
(499,123,'2022-12-06 07:07:00',10500,12,3,18),
(500,170,'2022-12-09 04:28:00',6000,10,2,19);
/*!40000 ALTER TABLE `ord` ENABLE KEYS */;
UNLOCK TABLES;
/*!40103 SET TIME_ZONE=@OLD_TIME_ZONE */;

/*!40101 SET SQL_MODE=@OLD_SQL_MODE */;
/*!40014 SET FOREIGN_KEY_CHECKS=@OLD_FOREIGN_KEY_CHECKS */;
/*!40014 SET UNIQUE_CHECKS=@OLD_UNIQUE_CHECKS */;
/*!40101 SET CHARACTER_SET_CLIENT=@OLD_CHARACTER_SET_CLIENT */;
/*!40101 SET CHARACTER_SET_RESULTS=@OLD_CHARACTER_SET_RESULTS */;
/*!40101 SET COLLATION_CONNECTION=@OLD_COLLATION_CONNECTION */;
/*!40111 SET SQL_NOTES=@OLD_SQL_NOTES */;

-- Dump completed on 2022-12-14  7:16:24
